CAND_ID,degree_in,degree_in_raw,degree_out,degree_out_raw,pagerank,katz,CANDIDATE NAME,chairs_next,chairs_now,total,negative,positive,absolute,HyPAC,PAC,SupPAC,CAND_PTY_AFFILIATION,CAND_OFFICE_ST,cumulative_occurrence,24E,24A,total_24a_positive,total_24e_positive
H6TN09068,0.0,0,0.02534562211981567,11,0.0013469695484300797,0.01686799377926688,"Cohen, Steve",0,0,401530.0,-7.0,408.53,415.53,3.0,115.0,2.0,DEM,TN,8,2.0,0.0,0.0,0.018
H8GA06393,0.06451612903225806,28,0.0,0,0.0033650040477602697,0.07668390490044022,"McBath, Lucy",0,0,5591084.0,-78.078,5669.162,5747.24,18.0,138.0,10.0,DEM,GA,3,9.0,1.0,5.0,3049.593
H2TX03126,0.002304147465437788,1,0.009216589861751152,4,0.0013530666692378771,0.018742215310277793,"Sessions, Pete",0,0,542400.0,-36.127,578.527,614.654,2.0,142.0,2.0,REP,TX,7,1.0,1.0,0.127,0.084
H4NC05146,0.016129032258064516,7,0.0,0,0.0029405380428904103,0.044075362712338924,"Foxx, Virginia",1,1,828227.0,-13.933,842.16,856.093,3.0,183.0,0.0,REP,NC,8,0.0,0.0,0.0,0.0
H2NC07096,0.002304147465437788,1,0.08294930875576037,36,0.0013530666692378771,0.018742215310277793,"Rouzer, David",0,0,829379.0,-45.05,874.429,919.479,1.0,190.0,0.0,REP,NC,5,0.0,0.0,0.0,0.0
H4NY22051,0.04838709677419355,21,0.0,0,0.0023838130322453178,0.06831521385753804,"Tenney, Claudia",0,0,671683.0,-32.073,703.756,735.829,6.0,178.0,2.0,REP,NY,3,1.0,1.0,0.008,0.156
H2LA05126,0.04608294930875576,20,0.002304147465437788,1,0.009126112094228181,0.07843409189617087,"Letlow, Julia",0,0,831585.0,-19.296,850.881,870.177,6.0,221.0,1.0,REP,LA,1,1.0,0.0,0.0,20.03
H2MD05155,0.0,0,0.1543778801843318,67,0.0013469695484300797,0.01686799377926688,"Hoyer, Steny",0,1,2287592.0,-40.1,2327.692,2367.792,4.0,334.0,3.0,DEM,MD,8,3.0,0.0,0.0,0.488
H8PA15229,0.1336405529953917,58,0.0,0,0.007099520184533636,0.165811818108151,"Wild, Susan",1,1,12588182.0,-22.951,12611.133,12634.084,14.0,242.0,13.0,DEM,PA,3,9.0,3.0,820.577,364.911
H8MI11254,0.05069124423963134,22,0.006912442396313364,3,0.0031934709526838267,0.074033452328403,"Stevens, Haley ",0,0,8297122.0,-50.069,8347.191,8397.26,17.0,304.0,10.0,DEM,MI,3,7.0,3.0,713.495,5892.369
H8NJ11142,0.06451612903225806,28,0.002304147465437788,1,0.004212683845607169,0.08394773915414687,"Sherril, Mikie ",0,0,2326612.0,-12.0,2338.612,2350.612,10.0,271.0,5.0,DEM,NJ,3,5.0,0.0,0.0,446.586
H6TX15162,0.0576036866359447,25,0.0,0,0.0026576391652306016,0.07313151768485963,"Gonzalez, Vicente",0,0,7198751.0,-31.041,7229.792,7260.833,11.0,296.0,5.0,DEM,TX,4,2.0,3.0,133.097,12.762
H8WA08189,0.0944700460829493,41,0.0,0,0.004189988921938745,0.10590877309417288,"Schrier, Kim ",0,0,10552372.0,-71.6,10623.972,10695.572,14.0,243.0,7.0,DEM,WA,3,6.0,1.0,0.156,917.76
H8MI08102,0.08755760368663594,38,0.002304147465437788,1,0.003859537190542729,0.11069935003635174,"Slotkin, Elissa ",0,0,13714918.0,-31.8,13746.718,13778.518,16.0,172.0,18.0,DEM,MI,3,15.0,3.0,170.351,916.872
H8TX07140,0.052995391705069124,23,0.10368663594470046,45,0.0023726450506456704,0.0668333891657599,"Fletcher, Lizzie",0,0,1188739.0,-34.5,1223.239,1257.739,6.0,292.0,3.0,DEM,TX,3,2.0,1.0,0.156,0.05
H8CA10126,0.06221198156682028,27,0.0,0,0.0030736445743268963,0.07890562328190288,"Harder, Josh",0,0,957541.0,-7.25,964.791,972.041,11.0,179.0,6.0,DEM,CA,3,6.0,0.0,0.0,17.871
H8ME02185,0.08525345622119816,37,0.006912442396313364,3,0.0039003187361626598,0.09279194964038032,"Golden, Jared Forrest",0,0,14648533.0,-8.0,14656.533,14664.533,9.0,149.0,4.0,DEM,ME,3,3.0,1.0,0.156,78.026
H8NJ03206,0.09216589861751152,40,0.002304147465437788,1,0.005982284769711215,0.12042667236973184,"Kim, Andy",0,0,2397616.0,-21.857,2419.473,2441.33,18.0,160.0,5.0,DEM,NJ,3,5.0,0.0,0.0,45.366
H8VA07094,0.08525345622119816,37,0.0,0,0.004240630217431572,0.11290792158948965,"Spanberger, Abigail A.",0,0,14391555.0,-35.1,14426.655,14461.755,22.0,248.0,25.0,DEM,VA,3,12.0,12.0,463.126,2416.666
H8NH01210,0.1152073732718894,50,0.0,0,0.006615311373529335,0.12660645788555241,"Pappas, Chris",0,0,10464750.0,-17.191,10481.941,10499.132,15.0,212.0,7.0,DEM,NH,3,6.0,1.0,0.156,104.984
H2NV04011,0.10599078341013825,46,0.0,0,0.005926307197315514,0.12460882945959839,"Horsford, Steven A. ",0,0,3922122.0,-21.815,3943.937,3965.752,14.0,413.0,12.0,DEM,NV,4,9.0,3.0,980.277,267.18
H2PA17079,0.1152073732718894,50,0.0,0,0.008476278776642593,0.13074912892796922,"Cartwright, Matt",0,0,8185462.0,-13.507,8198.969,8212.476,12.0,274.0,10.0,DEM,PA,6,8.0,2.0,436.626,85.737
H8CT05245,0.09216589861751152,40,0.0,0,0.004214446800543965,0.10230788270551512,"Hayes, Jahana",0,0,5146366.0,-4.0,5150.366,5154.366,12.0,212.0,4.0,DEM,CT,3,4.0,0.0,0.0,236.111
H8KS03155,0.10368663594470046,45,0.0,0,0.005632729917188199,0.13539971658388653,"Davids, Sharice",0,0,5485616.0,-35.5,5521.116,5556.616,20.0,298.0,9.0,DEM,KS,3,7.0,2.0,86.49,1471.193
H8CA49058,0.10829493087557604,47,0.0,0,0.00671575997202781,0.12816866697773308,"Levin, Mike",0,0,8052532.0,-20.107,8072.639,8092.746,16.0,201.0,11.0,DEM,CA,3,9.0,2.0,117.031,125.071
H6MN02131,0.10599078341013825,46,0.0,0,0.004382390222412937,0.11096454113166575,"Craig, Angie",0,0,11668677.0,-35.25,11703.927,11739.177,15.0,399.0,9.0,DEM,MN,3,6.0,3.0,197.655,326.402
H6NV04020,0.10138248847926268,44,0.0,0,0.004694035613414897,0.1261318952881083,"Lee, Susie",0,0,10571735.0,-33.541,10605.276,10638.817,15.0,283.0,12.0,DEM,NV,3,9.0,2.0,980.29,135.615
H8TX32098,0.05069124423963134,22,0.013824884792626727,6,0.002297211489914739,0.063243260485107,"Allred, Colin",0,0,573435.0,-26.5,599.935,626.435,7.0,158.0,4.0,DEM,TX,3,3.0,1.0,0.156,0.024
H8IL14174,0.08064516129032258,35,0.0,0,0.004385766050598889,0.09212390924061413,"Underwood, Lauren",0,0,1077435.0,-31.2,1108.635,1139.835,15.0,188.0,9.0,DEM,IL,3,6.0,3.0,7.907,129.312
H8TN02119,0.004608294930875576,2,0.06221198156682028,27,0.0013661082932976923,0.021578261637310154,"Burchett, Tim",0,0,256273.0,-7.5,263.773,271.273,1.0,66.0,1.0,REP,TN,3,0.0,1.0,0.008,0.0
H8IN04199,0.004608294930875576,2,0.02304147465437788,10,0.0013850137940836567,0.020616436841288707,"Baird, Jim ",0,0,246009.0,-26.5,272.509,299.009,1.0,75.0,0.0,REP,IN,3,0.0,0.0,0.0,0.0
H8IN06129,0.004608294930875576,2,0.01152073732718894,5,0.001470792791387159,0.02080385899437293,"Pence, Greg",0,0,602275.0,-18.518,620.793,639.311,2.0,181.0,0.0,REP,IN,3,0.0,0.0,0.0,0.0
H8CA12098,0.002304147465437788,1,0.03225806451612903,14,0.0013558448367287494,0.01855479315719357,"Eshoo, Anna G. ",0,0,853102.0,-26.0,879.102,905.102,1.0,201.0,4.0,DEM,CA,8,4.0,0.0,0.0,0.2
H0IA01174,0.07834101382488479,34,0.002304147465437788,1,0.0041124976874916605,0.10221758944439133,"Hinson, Ashley",0,0,2771130.0,-103.232,2874.362,2977.594,11.0,363.0,2.0,REP,IA,2,1.0,1.0,0.008,0.156
H0CA48198,0.07834101382488479,34,0.0,0,0.011509597908583339,0.12379269677192516,"Steel, Michelle ",0,0,2356468.0,-119.676,2476.144,2595.82,13.0,321.0,8.0,REP,CA,2,3.0,5.0,64.682,5.374
H0SC03077,0.006912442396313364,3,0.027649769585253454,12,0.001387604930584822,0.02277426288083755,"Duncan, Jeff",0,0,611000.0,-7.167,618.167,625.334,2.0,136.0,0.0,REP,SC,7,0.0,0.0,0.0,0.0
H4AR04048,0.01152073732718894,5,0.002304147465437788,1,0.0019216122213725998,0.02888210772682103,"Westerman, Bruce",1,1,1018929.0,-11.189,1030.118,1041.307,1.0,223.0,1.0,REP,AR,5,1.0,0.0,0.0,90.241
H2TX33073,0.01152073732718894,5,0.07603686635944701,33,0.001791173490259109,0.026014194850654104,"Veasey, Marc",0,0,1216969.0,-20.0,1236.969,1256.969,2.0,266.0,3.0,DEM,TX,6,3.0,0.0,0.0,0.024
H2LA02149,0.020737327188940093,9,0.027649769585253454,12,0.0021771480655736883,0.03429381443469347,"Carter, Troy A.",0,0,2032120.0,-31.8,2063.92,2095.72,3.0,208.0,4.0,DEM,LA,1,2.0,2.0,939.364,20.6
H8FL17053,0.01152073732718894,5,0.01152073732718894,5,0.0014231974663004817,0.02748453073888082,"Steube, Greg",0,0,452437.0,-6.52,458.957,465.477,2.0,134.0,0.0,REP,FL,3,0.0,0.0,0.0,0.0
H2TX31044,0.006912442396313364,3,0.0,0,0.0016198153518905368,0.02405169894095843,"Carter, John",0,0,499697.0,-31.066,530.763,561.829,1.0,122.0,2.0,REP,TX,8,2.0,0.0,0.0,0.24
H6MD03292,0.0,0,0.006912442396313364,3,0.0013469695484300797,0.01686799377926688,"Sarbanes, John",0,0,7485.0,-12.5,19.985,32.485,2.0,7.0,3.0,DEM,MD,8,3.0,0.0,0.0,0.159
H0NY02234,0.06221198156682028,27,0.018433179723502304,8,0.0031517783331996402,0.0875635431546542,"Garbarino, Andrew R.",0,0,2135067.0,-35.283,2170.35,2205.633,10.0,327.0,6.0,REP,NY,2,5.0,1.0,10.0,95.961
H0OK05205,0.01152073732718894,5,0.004608294930875576,2,0.0014379088337784578,0.029140347564405943,"Bice, Stephanie",0,0,735648.0,-54.576,790.224,844.8,7.0,146.0,3.0,REP,OK,2,1.0,2.0,8.341,0.156
H8VA10106,0.04608294930875576,20,0.02534562211981567,11,0.002006742990053683,0.061130608212842406,"Wexton, Jennifer T.",0,0,945471.0,-10.0,955.471,965.471,10.0,177.0,8.0,DEM,VA,3,5.0,3.0,26.854,29.189
H8CO02160,0.002304147465437788,1,0.08755760368663594,38,0.001383814596314839,0.01965139220890154,"Neguse, Joe",0,0,540151.0,-26.0,566.151,592.151,5.0,147.0,3.0,DEM,CO,3,3.0,0.0,0.0,0.068
H0IN05326,0.04377880184331797,19,0.03456221198156682,15,0.0035690587133953315,0.061983586918692074,"Spartz, Victoria",0,0,836560.0,-40.092,876.652,916.744,6.0,216.0,1.0,REP,IN,2,0.0,1.0,0.008,0.0
H8IL14067,0.05069124423963134,22,0.006912442396313364,3,0.0024018791561957542,0.06142655575876445,"Foster, Bill ",0,0,2026247.0,-25.5,2051.747,2077.247,4.0,262.0,4.0,DEM,IL,7,2.0,2.0,756.715,0.018
H6TX19099,0.002304147465437788,1,0.08755760368663594,38,0.0013530666692378771,0.018742215310277793,"Arrington, Jodey C. ",1,0,1002936.0,-32.1,1035.036,1067.136,2.0,252.0,1.0,REP,TX,4,1.0,0.0,0.0,0.084
H8ND00096,0.009216589861751152,4,0.08525345622119816,37,0.001519438200856168,0.0265580785529121,"Armstrong, Kelly ",0,0,1293905.0,-29.389,1323.294,1352.683,2.0,320.0,0.0,REP,ND,3,0.0,0.0,0.0,0.0
H8NY21203,0.002304147465437788,1,0.08525345622119816,37,0.0013558448367287494,0.01855479315719357,"Tonko, Paul D.",0,0,999923.0,-24.0,1023.923,1047.923,3.0,219.0,3.0,DEM,NY,8,3.0,0.0,0.0,0.058
H6OH04082,0.0,0,0.1175115207373272,51,0.0013469695484300797,0.01686799377926688,"Jordan, Jim",1,1,273851.0,-62.62,336.471,399.091,3.0,49.0,3.0,REP,OH,8,0.0,3.0,30.587,0.0
H6AZ05083,0.004608294930875576,2,0.004608294930875576,2,0.0014614385619987882,0.024449903074534745,"Biggs, Andy",0,0,97032.0,-6.903,103.935,110.838,2.0,29.0,1.0,REP,AZ,4,0.0,1.0,8.346,0.0
H6FL01119,0.002304147465437788,1,0.004608294930875576,2,0.001369418807067891,0.01855479315719357,"Gaetz, Matt",0,0,75255.0,-5.775,81.03,86.805,3.0,4.0,5.0,REP,FL,4,1.0,4.0,15.773,44.762
H0UT04076,0.013824884792626727,6,0.0,0,0.001528613274818972,0.0309574476529075,"Owens, Burgess",0,0,482787.0,-45.894,528.681,574.575,6.0,79.0,1.0,REP,UT,2,1.0,0.0,0.0,0.156
H6LA04138,0.004608294930875576,2,0.06682027649769585,29,0.0013755159278756885,0.020429014688204482,"Johnson, ""Mike""",0,0,429824.0,-22.729,452.553,475.282,1.0,115.0,0.0,REP,LA,4,0.0,0.0,0.0,0.0
H0NC09187,0.002304147465437788,1,0.002304147465437788,1,0.001369418807067891,0.01855479315719357,"Bishop, Dan",0,0,241074.0,-3.093,244.167,247.26,1.0,85.0,2.0,REP,NC,3,1.0,1.0,0.008,0.014
H0OR02127,0.009216589861751152,4,0.004608294930875576,2,0.001412408106279538,0.025335293619635758,"Bentz, Cliff S.",0,0,368544.0,-8.0,376.544,384.544,1.0,109.0,1.0,REP,OR,2,1.0,0.0,0.0,4.139
H0MN07091,0.016129032258064516,7,0.05529953917050691,24,0.0015855072211312007,0.0317040004625248,"Fischbach, Michelle",0,0,436133.0,-1.789,437.922,439.711,2.0,107.0,2.0,REP,MN,2,2.0,0.0,0.0,13.318
H0CA48024,0.006912442396313364,3,0.0,0,0.0013885575519355037,0.02326506101523684,"Issa, Darrell",0,0,538607.0,-2.424,541.031,543.455,6.0,68.0,2.0,REP,CA,7,1.0,1.0,0.008,223.857
H0WI05113,0.009216589861751152,4,0.002304147465437788,1,0.0014006465546446373,0.02561030920786991,"Fitzgerald, Scott",0,0,500484.0,-4.276,504.76,509.036,1.0,109.0,1.0,REP,WI,2,1.0,0.0,0.0,24.878
H2KY04121,0.002304147465437788,1,0.0,0,0.001369418807067891,0.01855479315719357,"Massie, Thomas",0,0,129029.0,-5.095,134.124,139.219,1.0,39.0,1.0,REP,KY,6,0.0,1.0,0.624,0.0
H4CO04090,0.01152073732718894,5,0.004608294930875576,2,0.002752493001685413,0.028510099433073095,"Buck, Ken ",0,0,314021.0,-30.038,344.059,374.097,1.0,78.0,1.0,REP,CO,5,0.0,1.0,0.008,0.0
H8TX21307,0.002304147465437788,1,0.006912442396313364,3,0.001369418807067891,0.01855479315719357,"Roy, Chip",0,0,358696.0,-12.901,371.597,384.498,1.0,84.0,5.0,REP,TX,3,3.0,2.0,0.632,3.94
H8CA04152,0.027649769585253454,12,0.013824884792626727,6,0.006516889188890722,0.048381170812610064,"McClintock, Tom",0,0,253194.0,-11.0,264.194,275.194,3.0,73.0,2.0,REP,CA,8,0.0,2.0,0.126,0.0
H0CA03078,0.0,0,0.09907834101382489,43,0.0013469695484300797,0.01686799377926688,"Bera, Ami",0,0,1148612.0,-17.0,1165.612,1182.612,4.0,175.0,5.0,DEM,CA,6,5.0,0.0,0.0,328.756
H8IL06139,0.06682027649769585,29,0.0,0,0.006162379209599881,0.08500640589849376,"Casten, Sean",0,0,3397720.0,-26.5,3424.22,3450.72,9.0,240.0,7.0,DEM,IL,3,5.0,2.0,10.672,50.094
H8NC13067,0.04377880184331797,19,0.0,0,0.0021384702005723833,0.05721441913632363,"Manning, Kathy",0,0,649301.0,-12.441,661.742,674.183,9.0,133.0,4.0,DEM,NC,2,4.0,0.0,0.0,0.26
H8CA45130,0.05069124423963134,22,0.0,0,0.0032309025229315495,0.06975942221051566,"Porter, Katie ",0,0,8479003.0,-18.107,8497.11,8515.217,20.0,129.0,10.0,DEM,CA,3,7.0,3.0,373.782,112.236
H0IN01150,0.06682027649769585,29,0.0,0,0.0028027412355078967,0.0786457634373037,"Mrvan, Frank J.",0,0,8178084.0,-12.0,8190.084,8202.084,9.0,206.0,1.0,DEM,IN,2,0.0,1.0,32.244,0.0
H8KS04112,0.009216589861751152,4,0.07373271889400922,32,0.001414503609607977,0.026503282784032984,"Estes, Ron",0,0,870985.0,-14.249,885.234,899.483,2.0,211.0,0.0,REP,KS,3,0.0,0.0,0.0,0.0
H4CA12055,0.0,0,0.009216589861751152,4,0.0013469695484300797,0.01686799377926688,"Khanna, Ro",0,0,4774.0,-52.5,57.274,109.774,3.0,15.0,4.0,DEM,CA,4,4.0,0.0,0.0,0.308
H0TX24209,0.04608294930875576,20,0.002304147465437788,1,0.0023455266422022533,0.06508029689324059,"Van Duyne, Beth",0,0,877728.0,-69.533,947.261,1016.794,7.0,236.0,3.0,REP,TX,2,2.0,1.0,0.008,0.24
H6MD08457,0.004608294930875576,2,0.1313364055299539,57,0.002471078349895884,0.02783398747815621,"Raskin, Jamie",1,0,378449.0,-8.2,386.649,394.849,7.0,88.0,3.0,DEM,MD,4,3.0,0.0,0.0,0.787
H6TX02079,0.002304147465437788,1,0.08986175115207373,39,0.0013530666692378771,0.018742215310277793,"Babin, Brian",0,0,427001.0,-10.779,437.78,448.559,1.0,104.0,2.0,REP,TX,5,1.0,1.0,0.5,0.084
H6LA03148,0.018433179723502304,8,0.002304147465437788,1,0.002545553044356993,0.035901860983591063,"Higgins, Clay",0,0,210105.0,-2.397,212.502,214.899,2.0,60.0,2.0,REP,LA,4,1.0,1.0,0.624,1.2
H4AZ07043,0.002304147465437788,1,0.03225806451612903,14,0.0013558448367287494,0.01855479315719357,"Gallego, Ruben",0,0,881384.0,-16.6,897.984,914.584,11.0,171.0,2.0,DEM,AZ,5,2.0,0.0,0.0,0.018
H0NM03102,0.06912442396313365,30,0.009216589861751152,4,0.0039496277032791465,0.08241527847721769,"Fernandez, Teresa Leger",0,0,733273.0,-8.0,741.273,749.273,14.0,124.0,5.0,DEM,NM,2,3.0,1.0,9.099,0.045
H2IL02172,0.002304147465437788,1,0.04838709677419355,21,0.0013644940817546286,0.018929637463362015,"Kelly, Robin",0,0,1105685.0,-34.05,1139.735,1173.785,5.0,233.0,3.0,DEM,IL,5,3.0,0.0,0.0,55.137
H4WA04104,0.016129032258064516,7,0.004608294930875576,2,0.0015633769992034851,0.03308049505810481,"Newhouse, Dan",0,0,2227596.0,-27.229,2254.825,2282.054,6.0,259.0,3.0,REP,WA,5,3.0,0.0,0.0,745.694
H2CA20094,0.06682027649769585,29,0.0,0,0.015654006507186045,0.11326320264932406,"Valadeo, David G.",0,0,10125325.0,-21.232,10146.557,10167.789,11.0,343.0,8.0,REP,CA,5,6.0,2.0,0.126,70.727
H0NH02181,0.02534562211981567,11,0.05529953917050691,24,0.0025311959664193195,0.037803444817526774,"Kuster, Ann McLane ",0,0,730095.0,-2.9,732.995,735.895,3.0,59.0,7.0,DEM,NH,6,7.0,0.0,0.0,68.068
H2CA00120,0.08294930875576037,36,0.01152073732718894,5,0.00377427210686634,0.09053343514149585,"Brownley, Julia ",0,0,1366762.0,-17.0,1383.762,1400.762,6.0,219.0,10.0,DEM,CA,6,10.0,0.0,0.0,370.464
H2IL10068,0.002304147465437788,1,0.11059907834101382,48,0.0014105757812372121,0.01855479315719357,"Schneider, Brad ",0,0,1364503.0,-32.0,1396.503,1428.503,4.0,298.0,3.0,DEM,IL,5,2.0,1.0,11.145,0.018
H8PA10147,0.002304147465437788,1,0.03225806451612903,14,0.0013530666692378771,0.018742215310277793,"Meuser, Dan",0,0,331861.0,-15.106,346.967,362.073,2.0,84.0,0.0,REP,PA,3,0.0,0.0,0.0,0.0
H8NJ02166,0.016129032258064516,7,0.0,0,0.0019196023501916741,0.03426914279487962,"Van Drew, Jeff ",0,0,526475.0,-20.133,546.608,566.741,1.0,132.0,1.0,REP,NJ,3,0.0,1.0,0.008,0.0
H4AL06098,0.004608294930875576,2,0.02304147465437788,10,0.002993509434533193,0.02259225050437694,"Palmer, Gary",0,0,384995.0,-11.5,396.495,407.995,1.0,103.0,0.0,REP,AL,5,0.0,0.0,0.0,0.0
H0GA08099,0.004608294930875576,2,0.07603686635944701,33,0.0013661082932976923,0.021578261637310154,"Scott, Austin",0,0,517135.0,-10.5,527.635,538.135,0.0,115.0,0.0,REP,GA,7,0.0,0.0,0.0,0.0
H2CA15094,0.0,0,0.020737327188940093,9,0.0013469695484300797,0.01686799377926688,"Swalwell, Eric ",0,0,569269.0,-9.5,578.769,588.269,3.0,128.0,3.0,DEM,CA,6,3.0,0.0,0.0,0.298
H2GA02031,0.06221198156682028,27,0.0,0,0.006107939100277175,0.0777296073171908,"Bishop, Sanford",0,0,2073593.0,-27.257,2100.85,2128.107,9.0,321.0,5.0,DEM,GA,8,5.0,0.0,0.0,204.979
H0NC03172,0.006912442396313364,3,0.002304147465437788,1,0.0015124371931751863,0.024427583648958587,"Murphy, Greg",0,0,598062.0,-4.56,602.622,607.182,2.0,142.0,0.0,REP,NC,2,0.0,0.0,0.0,0.0
H8CA05035,0.0,0,0.14055299539170507,61,0.0013469695484300797,0.01686799377926688,"Pelosi, Nancy",0,1,1486278.0,-26.0,1512.278,1538.278,5.0,233.0,5.0,DEM,CA,8,3.0,2.0,36.979,0.081
H8WV03097,0.01152073732718894,5,0.059907834101382486,26,0.003764289157970841,0.03105597033774784,"Miller, Carol",0,0,654875.0,-4.935,659.81,664.745,5.0,165.0,0.0,REP,WV,3,0.0,0.0,0.0,0.0
H6CA46116,0.002304147465437788,1,0.0576036866359447,25,0.0013558448367287494,0.01855479315719357,"Correa, Lou",0,0,879570.0,-21.25,900.82,922.07,1.0,213.0,3.0,DEM,CA,4,3.0,0.0,0.0,0.06
H4NY21079,0.01152073732718894,5,0.08294930875576037,36,0.0015026505652672073,0.02696810530662464,"Stefanik, Elise M.",1,1,1166931.0,-139.17,1306.101,1445.271,10.0,177.0,3.0,REP,NY,5,0.0,3.0,23.158,0.0
H8MD01094,0.016129032258064516,7,0.027649769585253454,12,0.001595671137592631,0.0316476436004612,"Harris, Andy ",0,0,453383.0,-28.106,481.489,509.595,3.0,123.0,1.0,REP,MD,7,0.0,1.0,0.5,0.0
H8IA02043,0.08755760368663594,38,0.013824884792626727,6,0.005153441346947832,0.12482423289372366,"Miller-Meeks, Mariannette",0,0,2426308.0,-59.356,2485.664,2545.02,11.0,331.0,8.0,REP,IA,2,6.0,2.0,8.341,74.782
H0IN08114,0.004608294930875576,2,0.002304147465437788,1,0.0013651556719470107,0.02108746350291086,"Buchson, Larry D. ",0,0,1078422.0,-28.6,1107.022,1135.622,2.0,225.0,0.0,REP,IN,7,0.0,0.0,0.0,0.0
H8ME01120,0.0,0,0.03917050691244239,17,0.0013469695484300797,0.01686799377926688,"Pingree, Chellie M.",0,0,269585.0,-4.5,274.085,278.585,1.0,70.0,4.0,DEM,ME,8,4.0,0.0,0.0,0.073
H4CA33119,0.0,0,0.29723502304147464,129,0.0013469695484300797,0.01686799377926688,"Lieu, Ted W.",0,0,418406.0,-5.0,423.406,428.406,5.0,106.0,4.0,DEM,CA,5,4.0,0.0,0.0,0.441
H0LA01087,0.002304147465437788,1,0.44239631336405527,192,0.0013772352456523974,0.018742215310277793,"Scalise, Steve",1,1,1717879.0,-175.498,1893.377,2068.875,4.0,253.0,0.0,REP,LA,8,0.0,0.0,0.0,0.0
H6PA08277,0.04838709677419355,21,0.002304147465437788,1,0.002876763658902531,0.0748071051908722,"Fitzpatrick, Brian",0,0,2714428.0,-23.748,2738.176,2761.924,12.0,374.0,4.0,REP,PA,4,1.0,3.0,95.957,227.377
H0UT01205,0.01152073732718894,5,0.013824884792626727,6,0.0014310139048849878,0.027671952891965047,"Moore, Blake D. ",0,0,849326.0,-18.76,868.086,886.846,2.0,176.0,1.0,REP,UT,2,1.0,0.0,0.0,93.134
H2FL14186,0.009216589861751152,4,0.11059907834101382,48,0.0014006465546446373,0.02561030920786991,"Donalds, Byron",0,0,766767.0,-38.158,804.925,843.083,4.0,131.0,0.0,REP,FL,1,0.0,0.0,0.0,0.0
H8FL27185,0.06682027649769585,29,0.0,0,0.004072808261061904,0.09571007023379441,"Salazar, Mar√¨a Elvira ",0,0,2328030.0,-368.848,2696.878,3065.726,8.0,250.0,8.0,REP,FL,2,5.0,3.0,81.258,221.282
H6AL04098,0.006912442396313364,3,0.08525345622119816,37,0.0013909114689924084,0.02413929237610836,"Alderholt, Robert ",0,0,669723.0,-15.601,685.324,700.925,2.0,133.0,0.0,REP,AL,8,0.0,0.0,0.0,0.0
H2TX33040,0.002304147465437788,1,0.009216589861751152,4,0.0013530666692378771,0.018742215310277793,"Williams, Roger",1,0,507099.0,-25.4,532.499,557.899,3.0,104.0,3.0,REP,TX,6,1.0,2.0,4.341,0.084
H0FL15104,0.006912442396313364,3,0.004608294930875576,2,0.0013781972960068259,0.02392350982994322,"Franklin, Scott ",0,0,394066.0,-9.804,403.87,413.674,1.0,103.0,0.0,REP,FL,2,0.0,0.0,0.0,0.0
H0TX13228,0.01152073732718894,5,0.0,0,0.0015327747778982883,0.026733580545167945,"Jackson, Ronny",0,0,227494.0,-252.634,480.128,732.762,3.0,130.0,1.0,REP,TX,2,1.0,0.0,0.0,0.084
H0TX35015,0.04608294930875576,20,0.0,0,0.002563463482995659,0.06984180164319477,"Gonzalez, Tony",0,0,1758432.0,-104.936,1863.368,1968.304,4.0,259.0,5.0,REP,TX,2,4.0,1.0,0.008,165.721
H6FL13148,0.009216589861751152,4,0.08986175115207373,39,0.001665721419618842,0.025797731360954132,"Buchanan, Vern",0,0,2262794.0,-63.591,2326.385,2389.976,2.0,432.0,1.0,REP,FL,8,0.0,1.0,0.008,0.0
H8SC04250,0.006912442396313364,3,0.013824884792626727,6,0.0014038974444925995,0.023970612438315688,"Timmons, William",0,0,759486.0,-21.525,781.011,802.536,3.0,152.0,0.0,REP,SC,3,0.0,0.0,0.0,0.0
H0FL26036,0.06912442396313365,30,0.0,0,0.003811977365577474,0.1036593703016124,"Gimenez, Carlos A. ",0,0,878898.0,-33.266,912.164,945.43,5.0,192.0,4.0,REP,FL,2,2.0,2.0,16.258,3.097
H0GA09246,0.004608294930875576,2,0.009216589861751152,4,0.0013651556719470107,0.02108746350291086,"Clyde, Andrew",0,0,24905.0,0.0,24.905,24.905,0.0,8.0,0.0,REP,GA,2,0.0,0.0,0.0,0.0
H0FL08208,0.009216589861751152,4,0.018433179723502304,8,0.0017892960250667337,0.025591566992578356,"Webster, Daniel ",0,0,308017.0,-2.056,310.073,312.129,2.0,79.0,1.0,REP,FL,7,0.0,1.0,7.834,0.0
H6NE02125,0.08064516129032258,35,0.0,0,0.005588253345245653,0.11111579864884483,"Bacon, Don",0,0,6183567.0,-25.969,6209.536,6235.505,9.0,333.0,8.0,REP,NE,4,6.0,2.0,48.073,386.987
H0TX04219,0.013824884792626727,6,0.013824884792626727,6,0.0018583214098633685,0.03706517313793076,"Fallon, Pat",0,0,279851.0,-14.698,294.549,309.247,2.0,83.0,2.0,REP,TX,2,1.0,1.0,0.018,0.084
H0IA04145,0.027649769585253454,12,0.041474654377880185,18,0.0033448983845447327,0.04572902970817724,"Feenstra, Randy",0,0,1178347.0,-19.507,1197.854,1217.361,5.0,276.0,1.0,REP,IA,2,0.0,1.0,0.008,0.0
H8PA05071,0.01152073732718894,5,0.06912442396313365,30,0.0015432887552002022,0.02862831115731101,"Thompson, Glenn GT",1,1,1171143.0,-31.453,1202.596,1234.049,2.0,258.0,0.0,REP,PA,8,0.0,0.0,0.0,0.0
H0VA05160,0.006912442396313364,3,0.004608294930875576,2,0.001387604930584822,0.02277426288083755,"Good, Robert G. ""Bob""",0,0,142859.0,-4.95,147.809,152.759,2.0,38.0,5.0,REP,VA,2,3.0,2.0,5.804,13.279
H2NC08185,0.03917050691244239,17,0.05529953917050691,24,0.002597893125064998,0.05895112369475166,"Hudson, Richard",0,0,1453655.0,-55.1,1508.755,1563.855,4.0,326.0,3.0,REP,NC,6,1.0,2.0,7.697,0.156
H0CA08135,0.009216589861751152,4,0.0,0,0.0014030004717015417,0.02648454056874143,"Obernolte, Jay",0,0,396938.0,-13.04,409.978,423.018,2.0,91.0,2.0,REP,CA,2,1.0,1.0,0.008,50.225
H0AL01055,0.009216589861751152,4,0.041474654377880185,18,0.0014136771460591824,0.02662032026329423,"Carl, Jerry",0,0,469535.0,-18.965,488.5,507.465,2.0,110.0,0.0,REP,AL,2,0.0,0.0,0.0,0.0
H2SC02059,0.002304147465437788,1,0.004608294930875576,2,0.0013530666692378771,0.018742215310277793,"Wilson, Joe",0,0,462613.0,-22.543,485.156,507.699,3.0,110.0,0.0,REP,SC,8,0.0,0.0,0.0,0.0
H0CA25105,0.08755760368663594,38,0.0,0,0.005925795165925448,0.13163281663678458,"Garcia, Mike",0,0,1601219.0,-42.998,1644.217,1687.215,14.0,224.0,7.0,REP,CA,2,3.0,4.0,133.722,7.544
H4IL12060,0.013824884792626727,6,0.020737327188940093,9,0.0015132173551844785,0.029812740553960777,"Bost, Mike ",1,1,1099699.0,-7.053,1106.752,1113.805,3.0,193.0,2.0,REP,IL,5,2.0,0.0,0.0,106.538
H0SC01394,0.04608294930875576,20,0.0,0,0.003782274155630107,0.07125725926742596,"Mace, Nancy",0,0,2125422.0,-45.03,2170.452,2215.482,9.0,282.0,8.0,REP,SC,2,3.0,5.0,448.455,83.356
H0TX22302,0.006912442396313364,3,0.004608294930875576,2,0.002566068361222052,0.022990045427002687,"Nehls, Troy E.",0,0,288968.0,-37.22,326.188,363.408,1.0,111.0,3.0,REP,TX,2,2.0,1.0,0.008,0.24
H0NY11078,0.07603686635944701,33,0.0,0,0.00437105960162099,0.11202425409460327,"Malliotakis, Nicole",0,0,953653.0,-55.474,1009.127,1064.601,8.0,210.0,3.0,REP,NY,2,1.0,2.0,8.028,0.156
H2PA04135,0.01152073732718894,5,0.0,0,0.002144345765208547,0.028510810986956237,"Perry, Scott",0,0,886462.0,-17.726,904.188,921.914,3.0,61.0,5.0,REP,PA,6,3.0,2.0,0.508,153.716
H0KS02188,0.013824884792626727,6,0.0,0,0.0015319681238082621,0.03142847431452965,"LaTurner, Jake ",0,0,336739.0,-15.649,352.388,368.037,1.0,93.0,1.0,REP,KS,2,0.0,1.0,0.008,0.0
H0FL03175,0.018433179723502304,8,0.002304147465437788,1,0.0017513122411441512,0.03646432396441734,"Cammack, Kat ",0,0,953879.0,-29.271,983.15,1012.421,5.0,161.0,1.0,REP,FL,2,1.0,0.0,0.0,0.6
H2TN07103,0.006912442396313364,3,0.0,0,0.0014024146068988435,0.024158034591399914,"Kustoff, David",0,0,802536.0,-8.5,811.036,819.536,2.0,173.0,0.0,REP,TN,4,0.0,0.0,0.0,0.0
H0CO03165,0.018433179723502304,8,0.0,0,0.0046933282982481415,0.03499022147358999,"Boebert, Lauren ",0,0,1233903.0,-25.093,1258.996,1284.089,7.0,51.0,13.0,REP,CO,2,5.0,8.0,365.973,47.499
H0MI10287,0.013824884792626727,6,0.002304147465437788,1,0.001549009573325585,0.031032542560663273,"McClain, Lisa ",0,0,584527.0,-18.822,603.349,622.171,2.0,132.0,1.0,REP,MI,2,1.0,0.0,0.0,1.308
H0KS01123,0.013824884792626727,6,0.0,0,0.0014701350160388237,0.030516588139301186,"Mann, Tracey",0,0,465300.0,-2.5,467.8,470.3,2.0,123.0,0.0,REP,KS,2,0.0,0.0,0.0,0.0
H0IL15129,0.02534562211981567,11,0.0,0,0.003229443341220272,0.04102170597829797,"Miller, Mary",0,0,4366632.0,-45.88,4412.512,4458.392,1.0,73.0,6.0,REP,IL,2,3.0,3.0,2590.802,1014.435
H4MT00050,0.009216589861751152,4,0.0,0,0.0015777321962114166,0.025333419398123468,"Rosendale, Matt",0,0,262793.0,-24.342,287.135,311.477,2.0,68.0,1.0,REP,MT,2,0.0,1.0,0.008,0.0
H4TX10093,0.004608294930875576,2,0.0,0,0.001385971515703922,0.02122580590891384,"McCaul, Michael",1,1,267818.0,-8.0,275.818,283.818,1.0,36.0,4.0,REP,TX,8,2.0,2.0,7.697,56.389
H8MN08043,0.01152073732718894,5,0.0,0,0.0016787400175827067,0.028612029076500588,"Stauber, Pete ",0,0,898367.0,-49.641,948.008,997.649,2.0,216.0,1.0,REP,MN,3,0.0,1.0,0.008,0.0
H8VA01147,0.006912442396313364,3,0.0,0,0.002610092886994791,0.02277426288083755,"Wittman, Rob J.",0,0,692173.0,-35.902,728.075,763.977,2.0,133.0,0.0,REP,VA,8,0.0,0.0,0.0,0.0
H8CA39240,0.07603686635944701,33,0.004608294930875576,2,0.005656885475497821,0.10912924816411505,"Kim, Young",0,0,2254204.0,-153.678,2407.882,2561.56,10.0,321.0,6.0,REP,CA,2,4.0,2.0,14.063,55.82
H4WV02080,0.020737327188940093,9,0.0,0,0.0035999312641711665,0.0391876607888753,"Mooney, Alexander X. ",0,0,770438.0,-34.203,804.641,838.844,3.0,87.0,5.0,REP,WV,5,3.0,2.0,150.008,64.749
H2MO02102,0.029953917050691243,13,0.0,0,0.002841433177391353,0.06083555103520066,"Wagner, Ann",0,0,1882470.0,-147.297,2029.767,2177.064,4.0,302.0,3.0,REP,MO,6,2.0,1.0,0.008,142.552
H0TX11230,0.004608294930875576,2,0.002304147465437788,1,0.0013833323664601946,0.020616436841288707,"Pfluger, August",0,0,567181.0,-43.467,610.648,654.115,2.0,159.0,1.0,REP,TX,2,1.0,0.0,0.0,0.084
H8OH12180,0.009216589861751152,4,0.027649769585253454,12,0.0015379273357244406,0.024835906564932685,"Balderson, Troy",0,0,993057.0,-22.111,1015.168,1037.279,3.0,251.0,0.0,REP,OH,3,0.0,0.0,0.0,0.0
H8AL02171,0.018433179723502304,8,0.002304147465437788,1,0.0016157729183535181,0.03357822199353572,"Moore, Barry",0,0,332200.0,-2.5,334.7,337.2,0.0,84.0,0.0,REP,AL,2,0.0,0.0,0.0,0.0
H6MI01226,0.013824884792626727,6,0.002304147465437788,1,0.0042197196865485925,0.037070841531767436,"Bergman, Jack",0,0,633820.0,-15.217,649.037,664.254,3.0,134.0,1.0,REP,MI,4,1.0,0.0,0.0,1.234
H6FL09070,0.004608294930875576,2,0.0,0,0.0013661082932976923,0.021578261637310154,"Bilirakis, Gus Michael",0,0,1182097.0,-22.075,1204.172,1226.247,2.0,244.0,2.0,REP,FL,8,2.0,0.0,0.0,164.927
H4LA06153,0.002304147465437788,1,0.027649769585253454,12,0.0013530666692378771,0.018742215310277793,"Graves, Garret",0,0,1280153.0,-48.2,1328.353,1376.553,0.0,244.0,1.0,REP,LA,5,1.0,0.0,0.0,249.012
H2CA28113,0.002304147465437788,1,0.1382488479262673,60,0.0013558448367287494,0.01855479315719357,"Cardenas, Tony",0,0,1194185.0,-14.0,1208.185,1222.185,5.0,242.0,3.0,DEM,CA,6,3.0,0.0,0.0,0.27
H6GA03113,0.009216589861751152,4,0.029953917050691243,13,0.001414503609607977,0.026503282784032984,"Ferguson, Drew",0,0,1901441.0,-49.323,1950.764,2000.087,3.0,350.0,0.0,REP,GA,4,0.0,0.0,0.0,0.0
H4OK06056,0.01152073732718894,5,0.004608294930875576,2,0.0015656755311390666,0.030370632709762445,"Lucas, Frank D.",1,1,823900.0,-25.5,849.4,874.9,0.0,186.0,0.0,REP,OK,8,0.0,0.0,0.0,0.0
H2MA09072,0.0,0,0.02304147465437788,10,0.0013469695484300797,0.01686799377926688,"Lynch, Stephen F.",0,0,404362.0,-9.0,413.362,422.362,1.0,100.0,0.0,DEM,MA,8,0.0,0.0,0.0,0.0
H4VA08224,0.0,0,0.14055299539170507,61,0.0013469695484300797,0.01686799377926688,"Beyer, Donald S., Jr.",0,0,659958.0,-15.0,674.958,689.958,3.0,156.0,3.0,DEM,VA,5,3.0,0.0,0.0,0.046
H2NM01144,0.08294930875576037,36,0.020737327188940093,9,0.006430795634477283,0.10449503093866787,"Stansbury, Melanie Ann",0,0,851306.0,-6.5,857.806,864.306,11.0,131.0,5.0,DEM,NM,1,4.0,1.0,94.641,13.047
H2NC14076,0.04608294930875576,20,0.006912442396313364,3,0.0029825499921199918,0.05979663305897394,"Jackson, Jeff",0,0,424619.0,-11.0,435.619,446.619,10.0,80.0,3.0,DEM,NC,1,3.0,0.0,0.0,0.381
H2AL03032,0.016129032258064516,7,0.01152073732718894,5,0.00233306032356052,0.03518031136145858,"Rogers, Mike",1,1,985241.0,-25.663,1010.904,1036.567,1.0,179.0,0.0,REP,AL,8,0.0,0.0,0.0,0.0
H8TX16109,0.006912442396313364,3,0.06912442396313365,30,0.0013904576117029755,0.022303236219215393,"Escobar, Veronica",0,0,618662.0,-8.0,626.662,634.662,6.0,149.0,3.0,DEM,TX,3,3.0,0.0,0.0,0.068
H6NE03115,0.002304147465437788,1,0.1175115207373272,51,0.0013530666692378771,0.018742215310277793,"Smith, Adrian",0,0,1150340.0,-15.45,1165.79,1181.24,2.0,269.0,0.0,REP,NE,8,0.0,0.0,0.0,0.0
H2OH15228,0.03686635944700461,16,0.002304147465437788,1,0.005154536010583926,0.05277214525457619,"Carey, Mike",0,0,1763165.0,-31.063,1794.228,1825.291,3.0,228.0,7.0,REP,OH,1,4.0,3.0,282.779,432.495
H8MN03143,0.002304147465437788,1,0.0,0,0.0020276000517264257,0.02301064901174471,"Phillips, Dean",0,0,1924.0,-20.745,22.669,43.414,1.0,11.0,3.0,DEM,MN,3,3.0,0.0,0.0,3.132
H2TX35011,0.0,0,0.02534562211981567,11,0.0013469695484300797,0.01686799377926688,"Castro, Joaquin",0,0,238559.0,-24.0,262.559,286.559,2.0,64.0,3.0,DEM,TX,6,3.0,0.0,0.0,0.029
H8TX27049,0.01152073732718894,5,0.004608294930875576,2,0.0018087657624057587,0.026907709163925084,"Cloud, Michael ",0,0,273931.0,-9.55,283.481,293.031,1.0,73.0,1.0,REP,TX,3,1.0,0.0,0.0,0.084
H6CO05159,0.004608294930875576,2,0.02304147465437788,10,0.0013661082932976923,0.021578261637310154,"Lamborn, Doug ",0,0,280450.0,-10.0,290.45,300.45,1.0,72.0,0.0,REP,CO,8,0.0,0.0,0.0,0.0
H4GA01039,0.01152073732718894,5,0.0,0,0.0016268892782609705,0.028225106458061647,"Carter, Earl L. ""Buddy""",0,0,972400.0,-16.247,988.647,1004.894,2.0,230.0,0.0,REP,GA,5,0.0,0.0,0.0,0.0
H8IL09067,0.009216589861751152,4,0.05069124423963134,22,0.0026441186336853854,0.02415871553493475,"Schakowsky, Janice D. ",0,0,449195.0,-5.5,454.695,460.195,2.0,108.0,2.0,DEM,IL,8,2.0,0.0,0.0,0.018
H2OH02085,0.004608294930875576,2,0.03686635944700461,16,0.0013893729828390283,0.021321988264367556,"Wenstrup, Brad",0,0,1193802.0,-61.177,1254.979,1316.156,3.0,258.0,0.0,REP,OH,6,0.0,0.0,0.0,0.0
H4MO08162,0.006912442396313364,3,0.2304147465437788,100,0.001422223994557992,0.023452483168321065,"Smith, Jason ",1,1,1492326.0,-16.673,1508.999,1525.672,2.0,315.0,0.0,REP,MO,5,0.0,0.0,0.0,0.0
H8TX06266,0.009216589861751152,4,0.0944700460829493,41,0.0015871041182440057,0.024835906564932685,"Ellzey, Jake",0,0,1123457.0,-360.581,1484.038,1844.619,3.0,126.0,5.0,REP,TX,1,4.0,1.0,109.285,713.819
H2CA52089,0.0,0,0.04838709677419355,21,0.0013469695484300797,0.01686799377926688,"Peters, Scott ",0,0,1314038.0,-31.5,1345.538,1377.038,2.0,259.0,5.0,DEM,CA,6,5.0,0.0,0.0,57.381
H8CA01109,0.0,0,0.041474654377880185,18,0.0013469695484300797,0.01686799377926688,"Thompson, Mike ",0,0,1228489.0,-21.5,1249.989,1271.489,3.0,253.0,3.0,DEM,CA,8,3.0,0.0,0.0,0.189
H0AL07086,0.006912442396313364,3,0.0,0,0.0014746801791737576,0.02213455628142272,"Sewell, Terrycina",0,0,1798729.0,-70.25,1868.979,1939.229,5.0,356.0,2.0,DEM,AL,7,2.0,0.0,0.0,134.556
H0NJ07261,0.04377880184331797,19,0.0,0,0.003489049511958807,0.06587315546534875,"Kean, Thomas H., Jr.",0,0,649322.0,-54.468,703.79,758.258,5.0,105.0,1.0,REP,NJ,1,0.0,1.0,0.008,0.0
H6FL02208,0.02534562211981567,11,0.002304147465437788,1,0.0020884983443723603,0.046277750310181644,"Dunn, Neal",0,0,580124.0,-33.4,613.524,646.924,1.0,150.0,1.0,REP,FL,4,1.0,0.0,0.0,50.59
H4MT01041,0.07142857142857142,31,0.002304147465437788,1,0.009075702188004901,0.09813111821829298,"Zinke, Ryan K.",0,0,1671638.0,-164.7,1836.338,2001.038,4.0,171.0,2.0,REP,MT,3,1.0,1.0,1053.643,43.76
H4TX09095,0.002304147465437788,1,0.016129032258064516,7,0.0013558448367287494,0.01855479315719357,"Green, Al",0,0,135156.0,-6.5,141.656,148.156,0.0,32.0,3.0,DEM,TX,8,3.0,0.0,0.0,0.024
H4MS02068,0.002304147465437788,1,0.0,0,0.0015116065347420145,0.01872347309498624,"Thompson, Bennie G. ",1,1,889020.0,-22.5,911.52,934.02,2.0,169.0,1.0,DEM,MS,8,1.0,0.0,0.0,0.008
H2FL25018,0.006912442396313364,3,0.0,0,0.0014024146068988435,0.024158034591399914,"Diaz-Balart, Mario ",0,0,911399.0,-13.501,924.9,938.401,1.0,186.0,0.0,REP,FL,8,0.0,0.0,0.0,0.0
H8ID01124,0.02304147465437788,10,0.01152073732718894,5,0.0016551979306872046,0.03969631237763699,"Fulcher, Russ",0,0,274955.0,-4.58,279.535,284.115,2.0,102.0,0.0,REP,ID,3,0.0,0.0,0.0,0.0
H2TX14149,0.009216589861751152,4,0.041474654377880185,18,0.0014404854316318416,0.025000046652566398,"Weber, Randy ",0,0,306184.0,-13.664,319.848,333.512,2.0,87.0,1.0,REP,TX,6,1.0,0.0,0.0,0.084
H0GA07273,0.02304147465437788,10,0.0,0,0.0018561809904251525,0.04682719067049267,"McCormick, Rich",0,0,1313184.0,-11.241,1324.425,1335.666,2.0,86.0,7.0,REP,GA,1,3.0,4.0,331.226,222.795
H4AZ06045,0.020737327188940093,9,0.0,0,0.0034985842876776667,0.03653668094949794,"Schweikert, David",0,0,3799387.0,-2.154,3801.541,3803.695,6.0,110.0,6.0,REP,AZ,7,4.0,2.0,0.226,235.515
H0KY06104,0.006912442396313364,3,0.0,0,0.0015335050925558815,0.02289386307154898,"Barr, Andy",0,0,312716.0,-4.9,317.616,322.516,1.0,57.0,0.0,REP,KY,6,0.0,0.0,0.0,0.0
H8TX02166,0.002304147465437788,1,0.013824884792626727,6,0.0013530666692378771,0.018742215310277793,"Crenshaw, Dan",0,0,917852.0,-97.603,1015.455,1113.058,2.0,256.0,3.0,REP,TX,3,2.0,1.0,0.008,0.383
H8AZ08158,0.01152073732718894,5,0.018433179723502304,8,0.0014369528682457884,0.028190082161959673,"Lesko, Debbie",0,0,475617.0,-9.3,484.917,494.217,2.0,113.0,2.0,REP,AZ,3,2.0,0.0,0.0,48.332
H8UT03238,0.01152073732718894,5,0.0,0,0.001440789622896449,0.028876891369746964,"Curtis, John",0,0,1619955.0,-30.85,1650.805,1681.655,5.0,343.0,1.0,REP,UT,3,1.0,0.0,0.0,86.456
H0AR01083,0.006912442396313364,3,0.002304147465437788,1,0.0013781972960068259,0.02392350982994322,"Crawford, Rick ",0,0,551008.0,-19.0,570.008,589.008,1.0,147.0,0.0,REP,AR,7,0.0,0.0,0.0,0.0
H8WI01156,0.009216589861751152,4,0.0,0,0.0015586241034278114,0.02835717528507018,"Steil, Bryan ",1,0,304233.0,-1.0,305.233,306.233,1.0,62.0,0.0,REP,WI,3,0.0,0.0,0.0,0.0
H4MI07103,0.006912442396313364,3,0.018433179723502304,8,0.0013781972960068259,0.02392350982994322,"Walberg, Tim ",0,0,574569.0,-7.963,582.532,590.495,1.0,150.0,2.0,REP,MI,7,1.0,1.0,0.008,1.075
H8MO09153,0.006912442396313364,3,0.07142857142857142,31,0.0013781972960068259,0.02392350982994322,"Luetkemeyer, Blaine",0,1,1313648.0,-37.338,1350.986,1388.324,1.0,228.0,0.0,REP,MO,8,0.0,0.0,0.0,0.0
H8PA06087,0.05069124423963134,22,0.0,0,0.0021860492436937074,0.06577588803925428,"Houlahan, Chrissy",0,0,2042977.0,-17.5,2060.477,2077.977,12.0,287.0,6.0,DEM,PA,3,6.0,0.0,0.0,397.762
H0NY03083,0.03917050691244239,17,0.0,0,0.0028604051165986395,0.06623140537710306,"Santos, George A.D.",0,0,2222530.0,-35.229,2257.759,2292.988,4.0,56.0,1.0,REP,NY,1,1.0,0.0,0.0,3.377
H2GA12121,0.009216589861751152,4,0.002304147465437788,1,0.0014332428376349741,0.02561030920786991,"Allen, Rick W.",0,0,308164.0,-14.506,322.67,337.176,2.0,85.0,0.0,REP,GA,5,0.0,0.0,0.0,0.0
H6IL08147,0.002304147465437788,1,0.05069124423963134,22,0.0013558448367287494,0.01855479315719357,"Krishnamoorthi, Raja ",0,0,1027904.0,-23.4,1051.304,1074.704,4.0,210.0,3.0,DEM,IL,4,2.0,1.0,6.17,0.018
H0WA10034,0.006912442396313364,3,0.02534562211981567,11,0.0016023518081589743,0.022303236219215393,"Strickland, Marilyn",0,0,693701.0,-15.1,708.801,723.901,5.0,182.0,1.0,DEM,WA,2,1.0,0.0,0.0,0.01
H2OH11169,0.03225806451612903,14,0.0,0,0.007752213049101103,0.05312194799553774,"Brown, Shontel",0,0,2983320.0,-26.5,3009.82,3036.32,9.0,203.0,6.0,DEM,OH,1,4.0,2.0,355.497,378.7
H2TX08182,0.016129032258064516,7,0.002304147465437788,1,0.0018025680925007506,0.040319528701341374,"Luttrell, Morgan",0,0,1177443.0,-135.006,1312.449,1447.455,2.0,80.0,4.0,REP,TX,1,2.0,2.0,77.325,243.42
H4GA11061,0.004608294930875576,2,0.016129032258064516,7,0.0013908558204327845,0.02113456611128333,"Loudermilk, Barry",0,0,466028.0,-24.5,490.528,515.028,0.0,110.0,0.0,REP,GA,5,0.0,0.0,0.0,0.0
H6OH08315,0.006912442396313364,3,0.002304147465437788,1,0.0014133050790705959,0.02282136548921002,"Davidson, Warren",0,0,377684.0,-11.595,389.279,400.874,2.0,83.0,0.0,REP,OH,4,0.0,0.0,0.0,0.0
H2OH09031,0.08525345622119816,37,0.016129032258064516,7,0.004088464875961784,0.09372843959514632,"Kaptur, Marcy",0,0,2264701.0,-15.8,2280.501,2296.301,8.0,244.0,7.0,DEM,OH,8,4.0,3.0,594.294,57.31
H2CA31125,0.0,0,0.12211981566820276,53,0.0013469695484300797,0.01686799377926688,"Aguilar, Pete ",1,0,1439691.0,-25.5,1465.191,1490.691,5.0,250.0,3.0,DEM,CA,5,3.0,0.0,0.0,0.221
H0GA05301,0.002304147465437788,1,0.0576036866359447,25,0.0013558448367287494,0.01855479315719357,"Williams, Nikema",0,0,187731.0,-0.92,188.651,189.571,3.0,31.0,4.0,DEM,GA,2,4.0,0.0,0.0,0.457
H4WI06048,0.004608294930875576,2,0.027649769585253454,12,0.0014037408223387309,0.02256687034405127,"Grothman, Glenn",0,0,294246.0,-11.59,305.836,317.426,4.0,88.0,0.0,REP,WI,5,0.0,0.0,0.0,0.0
H0RI01073,0.0,0,0.09216589861751152,40,0.0013469695484300797,0.01686799377926688,"Cicilline, David N.",0,0,340760.0,-15.25,356.01,371.26,5.0,75.0,1.0,DEM,RI,7,1.0,0.0,0.0,0.008
H2NY10092,0.004608294930875576,2,0.17511520737327188,76,0.0015668356443798905,0.020616436841288707,"Jeffries, Hakeem S.",1,1,2034644.0,-47.4,2082.044,2129.444,7.0,345.0,2.0,DEM,NY,6,2.0,0.0,0.0,0.018
H0NC02125,0.004608294930875576,2,0.10599078341013825,46,0.0013733693700532983,0.020616436841288707,"Ross, Deborah K.",0,0,605347.0,-5.5,610.847,616.347,3.0,141.0,2.0,DEM,NC,2,2.0,0.0,0.0,0.018
H0MA04192,0.004608294930875576,2,0.006912442396313364,3,0.0013733693700532983,0.020616436841288707,"Auchincloss, Jake",0,0,391805.0,-14.5,406.305,420.805,5.0,114.0,0.0,DEM,MA,2,0.0,0.0,0.0,0.0
H2NV02395,0.006912442396313364,3,0.03686635944700461,16,0.0014643969670122634,0.023855687867570426,"Amodei, Mark E. ",0,0,1075176.0,-7.5,1082.676,1090.176,1.0,99.0,5.0,REP,NV,6,3.0,2.0,83.016,299.548
H2SC02042,0.0,0,0.10368663594470046,45,0.0013469695484300797,0.01686799377926688,"Clyburn, James E. ""Jim""",0,1,1970593.0,-30.0,2000.593,2030.593,4.0,340.0,1.0,DEM,SC,8,1.0,0.0,0.0,0.008
H2OH14064,0.004608294930875576,2,0.004608294930875576,2,0.001377869844932593,0.021303246049075998,"Joyce, David P.",0,0,1299999.0,-46.8,1346.799,1393.599,2.0,295.0,1.0,REP,OH,6,0.0,1.0,0.008,0.0
H8MA03106,0.004608294930875576,2,0.059907834101382486,26,0.001473469164826685,0.023431736586848582,"Trahan, Lori Loureiro",0,0,483920.0,-21.5,505.42,526.92,4.0,118.0,1.0,DEM,MA,3,1.0,0.0,0.0,0.008
H4WI04183,0.004608294930875576,2,0.009216589861751152,4,0.0014013391296393877,0.02171303589299667,"Moore, Gwen ",0,0,816291.0,-15.0,831.291,846.291,4.0,162.0,2.0,DEM,WI,8,2.0,0.0,0.0,0.018
H4NC12100,0.01152073732718894,5,0.01152073732718894,5,0.002670546445157411,0.030530090622864978,"Adams, Alma S.",0,0,696219.0,-25.5,721.719,747.219,3.0,168.0,4.0,DEM,NC,5,3.0,1.0,50.0,3.142
H0TN01118,0.009216589861751152,4,0.0,0,0.0015012615063429839,0.027029105214534253,"Harshbarger, Diana Lynn ",0,0,445033.0,-47.905,492.938,540.843,4.0,128.0,0.0,REP,TN,2,0.0,0.0,0.0,0.0
H0TX15124,0.04838709677419355,21,0.0,0,0.0028104672373715,0.06893722853302907,"De La Cruz, Monica ",0,0,1735372.0,-44.055,1779.427,1823.482,6.0,148.0,9.0,REP,TX,1,8.0,1.0,0.008,217.819
H4TX10028,0.002304147465437788,1,0.02534562211981567,11,0.0013558448367287494,0.01855479315719357,"Doggett, Lloyd",0,0,484976.0,-11.0,495.976,506.976,1.0,93.0,3.0,DEM,TX,8,3.0,0.0,0.0,0.068
H2FL07156,0.02534562211981567,11,0.0,0,0.001726370677662358,0.04482136820380055,"Mills, Cory",0,0,168336.0,-15.686,184.022,199.708,4.0,48.0,3.0,REP,FL,1,3.0,0.0,0.0,21.8
H8PA18199,0.004608294930875576,2,0.10368663594470046,45,0.0013661082932976923,0.021578261637310154,"Reschenthaler, Guy",0,0,631677.0,-15.403,647.08,662.483,1.0,154.0,0.0,REP,PA,3,0.0,0.0,0.0,0.0
H4MI12079,0.002304147465437788,1,0.020737327188940093,9,0.0013558448367287494,0.01855479315719357,"Dingell, Debbie ",0,0,794054.0,-44.5,838.554,883.054,3.0,210.0,4.0,DEM,MI,5,4.0,0.0,0.0,5.896
H2NY06116,0.0,0,0.020737327188940093,9,0.0013469695484300797,0.01686799377926688,"Meng, Grace",0,0,465630.0,-28.5,494.13,522.63,8.0,92.0,2.0,DEM,NY,6,2.0,0.0,0.0,0.018
H2OH03125,0.006912442396313364,3,0.006912442396313364,3,0.0015012708833815145,0.02247191615700806,"Beatty, Joyce",0,0,1475742.0,-47.5,1523.242,1570.742,7.0,279.0,3.0,DEM,OH,6,3.0,0.0,0.0,0.15
H8CA34266,0.03456221198156682,15,0.0,0,0.0020809853822813034,0.04892829169102533,"Gomez, Jimmy ",0,0,1082999.0,-38.0,1120.999,1158.999,5.0,252.0,4.0,DEM,CA,3,4.0,0.0,0.0,6.179
H8CT01046,0.01152073732718894,5,0.006912442396313364,3,0.0021404833174079904,0.026220359219029883,"Larson, John B.",0,0,1113777.0,-100.975,1214.752,1315.727,2.0,243.0,2.0,DEM,CT,8,2.0,0.0,0.0,0.018
H8TN07076,0.03225806451612903,14,0.0,0,0.004883143898353885,0.04769662583577358,"Green, Mark E.",1,0,193976.0,-3.06,197.036,200.096,2.0,57.0,0.0,REP,TN,2,0.0,0.0,0.0,0.0
H2OR01133,0.0,0,0.03225806451612903,14,0.0013469695484300797,0.01686799377926688,"Bonamici, Suzanne",0,0,560983.0,-9.5,570.483,579.983,4.0,138.0,3.0,DEM,OR,6,3.0,0.0,0.0,0.062
H0WI03175,0.05069124423963134,22,0.0,0,0.00259817123145023,0.07254656342683054,"Orden, Derrick Van",0,0,1503119.0,-134.489,1637.608,1772.097,7.0,106.0,6.0,REP,WI,1,4.0,2.0,600.008,518.352
H0WA08046,0.004608294930875576,2,0.004608294930875576,2,0.0014281003145617608,0.020616436841288707,"DelBene, Suzan ",0,0,1378702.0,-16.1,1394.802,1410.902,3.0,303.0,2.0,DEM,WA,6,2.0,0.0,0.0,0.018
H4NY27076,0.002304147465437788,1,0.02304147465437788,10,0.0013657386007338236,0.01855479315719357,"Higgins, Brian",0,0,891822.0,-29.1,920.922,950.022,2.0,209.0,2.0,DEM,NY,8,2.0,0.0,0.0,0.018
H2MI05119,0.09216589861751152,40,0.0,0,0.005173301372839708,0.10544022289524982,"Kildee, Daniel T.",0,0,7233198.0,-18.5,7251.698,7270.198,8.0,441.0,14.0,DEM,MI,6,13.0,1.0,1.124,1469.638
H4NJ01084,0.004608294930875576,2,0.004608294930875576,2,0.0013733693700532983,0.020616436841288707,"Norcoss, Donald W.",0,0,1057211.0,-11.4,1068.611,1080.011,1.0,175.0,2.0,DEM,NJ,5,2.0,0.0,0.0,0.018
H8CA49074,0.002304147465437788,1,0.07834101382488479,34,0.0013644940817546286,0.018929637463362015,"Jacobs, Sara",0,0,190756.0,-4.0,194.756,198.756,5.0,42.0,3.0,DEM,CA,2,3.0,0.0,0.0,0.194
H4NJ12149,0.004608294930875576,2,0.018433179723502304,8,0.0031537347326269513,0.024732825229036203,"Watson Coleman, Bonnie",0,0,440130.0,-20.0,460.13,480.13,2.0,115.0,2.0,DEM,NJ,5,2.0,0.0,0.0,0.018
H4NY11138,0.006912442396313364,3,0.016129032258064516,7,0.0017171880247256073,0.02308971812223568,"Clarke, Yvette D.",0,0,552080.0,-17.2,569.28,586.48,3.0,157.0,2.0,DEM,NY,8,2.0,0.0,0.0,0.018
H8NJ04014,0.006912442396313364,3,0.0,0,0.0013909114689924084,0.02413929237610836,"Smith, Christopher H.",0,0,651636.0,-17.869,669.505,687.374,3.0,96.0,5.0,REP,NJ,8,3.0,2.0,16.258,158.548
H2CA02142,0.009216589861751152,4,0.002304147465437788,1,0.0014332428376349741,0.02561030920786991,"LaMalfa, Doug ",0,0,264925.0,-7.495,272.42,279.915,1.0,83.0,0.0,REP,CA,6,0.0,0.0,0.0,0.0
H8ID02064,0.006912442396313364,3,0.0,0,0.0013909114689924084,0.02413929237610836,"Simpson, Mike",0,0,2818124.0,-19.9,2838.024,2857.924,6.0,244.0,3.0,REP,ID,8,2.0,1.0,79.639,853.089
H4MI04126,0.016129032258064516,7,0.0,0,0.0016688689645366882,0.032928342319386246,"Moolenaar, John",0,0,749512.0,-9.304,758.816,768.12,2.0,192.0,1.0,REP,MI,5,1.0,0.0,0.0,1.269
H6IN03229,0.004608294930875576,2,0.0,0,0.0016405907928498933,0.020616436841288707,"Banks, Jim",0,0,189777.0,-5.312,195.089,200.401,4.0,25.0,1.0,REP,IN,4,1.0,0.0,0.0,100.0
H8VA06104,0.002304147465437788,1,0.04377880184331797,19,0.0013530666692378771,0.018742215310277793,"Cline, Ben L.",0,0,43755.0,0.0,43.755,43.755,0.0,14.0,0.0,REP,VA,3,0.0,0.0,0.0,0.0
H0PA03271,0.01152073732718894,5,0.0,0,0.001778080362015629,0.028377504315043895,"Kelly, Mike",0,0,817455.0,-48.175,865.63,913.805,3.0,207.0,2.0,REP,PA,5,0.0,2.0,7.008,0.0
H2CA50026,0.0,0,0.009216589861751152,4,0.0013469695484300797,0.01686799377926688,"Vargas, Juan",0,0,555106.0,-3.5,558.606,562.106,2.0,120.0,4.0,DEM,CA,6,4.0,0.0,0.0,0.202
H0TX07170,0.04377880184331797,19,0.0,0,0.0024894067972749305,0.06429422574172475,"Hunt, Wesley",0,0,1492810.0,-49.503,1542.313,1591.816,7.0,159.0,8.0,REP,TX,1,7.0,1.0,0.008,264.444
H6OR03064,0.0,0,0.08294930875576037,36,0.0013469695484300797,0.01686799377926688,"Blumenauer, Earl",0,0,903059.0,-2.0,905.059,907.059,1.0,192.0,3.0,DEM,OR,8,3.0,0.0,0.0,0.062
H4MA06090,0.0,0,0.01152073732718894,5,0.0013469695484300797,0.01686799377926688,"Moulton, Seth ",0,0,299420.0,-8.5,307.92,316.42,3.0,84.0,1.0,DEM,MA,5,1.0,0.0,0.0,0.008
H0NY15160,0.006912442396313364,3,0.0,0,0.0014389872696123581,0.021928391913046946,"Torres, Ritchie",0,0,534700.0,-46.0,580.7,626.7,9.0,140.0,4.0,DEM,NY,2,4.0,0.0,0.0,1.162
H2UT02324,0.002304147465437788,1,0.02304147465437788,10,0.0013530666692378771,0.018742215310277793,"Stewart, Chris",0,0,68051.0,-2.5,70.551,73.051,1.0,18.0,0.0,REP,UT,6,0.0,0.0,0.0,0.0
H8MA02041,0.0,0,0.03917050691244239,17,0.0013469695484300797,0.01686799377926688,"Neal, Richard E.",1,1,2327890.0,-75.0,2402.89,2477.89,2.0,400.0,0.0,DEM,MA,8,0.0,0.0,0.0,0.0
H4PA13199,0.006912442396313364,3,0.002304147465437788,1,0.0014506109099718066,0.022303236219215393,"Boyle, Brendan F.",1,0,1171965.0,-28.0,1199.965,1227.965,4.0,264.0,2.0,DEM,PA,5,2.0,0.0,0.0,0.018
H6CA22125,0.002304147465437788,1,0.059907834101382486,26,0.001637063382997734,0.018976740071734485,"McCarthy, Kevin",1,1,1305473.0,-822.819,2128.292,2951.111,5.0,238.0,3.0,REP,CA,8,0.0,3.0,26.796,0.0
H2CA37023,0.03456221198156682,15,0.0,0,0.005739835699914906,0.05407311704255616,"Calvert, Ken ",0,0,1353644.0,-37.775,1391.419,1429.194,4.0,199.0,7.0,REP,CA,8,2.0,5.0,147.243,45.398
H6VA01117,0.0,0,0.06451612903225806,28,0.0013469695484300797,0.01686799377926688,"Scott, Robert C. ""Bobby""",1,1,465030.0,-12.0,477.03,489.03,2.0,111.0,2.0,DEM,VA,8,2.0,0.0,0.0,0.018
H8KY02031,0.004608294930875576,2,0.002304147465437788,1,0.0013661082932976923,0.021578261637310154,"Guthrie, S. Brett",0,0,1676223.0,-37.5,1713.723,1751.223,1.0,333.0,0.0,REP,KY,8,0.0,0.0,0.0,0.0
H2TX23082,0.016129032258064516,7,0.002304147465437788,1,0.0028373521924414365,0.041976727553308654,"Cuellar, Henry",0,0,12099832.0,-52.25,12152.082,12204.332,7.0,327.0,6.0,DEM,TX,8,2.0,4.0,740.702,1066.739
H8CA09060,0.006912442396313364,3,0.002304147465437788,1,0.0038226735743347286,0.024645429075700356,"Lee, Barbara",0,0,442008.0,-12.112,454.12,466.232,2.0,110.0,4.0,DEM,CA,8,4.0,0.0,0.0,0.308
H0OH06189,0.002304147465437788,1,0.006912442396313364,3,0.0013717727241247958,0.019429024518065087,"Johnson, Bill",0,0,794036.0,-25.5,819.536,845.036,2.0,183.0,0.0,REP,OH,7,0.0,0.0,0.0,0.0
H8CO06229,0.002304147465437788,1,0.07373271889400922,32,0.0013558448367287494,0.01855479315719357,"Crow, Jason ",0,0,352655.0,-22.8,375.455,398.255,7.0,84.0,3.0,DEM,CO,3,3.0,0.0,0.0,0.851
H8MO01143,0.009216589861751152,4,0.0,0,0.0016837297914017151,0.023783871228766303,"Bush, Cori ",0,0,553794.0,-2.25,556.044,558.294,11.0,24.0,2.0,DEM,MO,2,2.0,0.0,0.0,0.122
H0NY16143,0.006912442396313364,3,0.0,0,0.0014057614269834,0.022097071850839617,"Bowman, Jamaal",0,0,346099.0,-4.5,350.599,355.099,7.0,41.0,4.0,DEM,NY,2,4.0,0.0,0.0,123.722
H8NV03036,0.06912442396313365,30,0.0,0,0.0026553374970760923,0.0786549550889782,"Titus, Dina",0,0,10531136.0,-59.841,10590.977,10650.818,12.0,200.0,13.0,DEM,NV,7,12.0,0.0,0.0,315.709
H0CA27085,0.0,0,0.1382488479262673,60,0.0013469695484300797,0.01686799377926688,"Schiff, Adam B.",0,1,514966.0,-40.1,555.066,595.166,3.0,115.0,4.0,DEM,CA,8,4.0,0.0,0.0,0.441
H2CT02112,0.04608294930875576,20,0.0,0,0.004357010762633753,0.05848288723697062,"Courtney, Joe",0,0,979969.0,-49.1,1029.069,1078.169,5.0,207.0,2.0,DEM,CT,8,2.0,0.0,0.0,0.018
H4IL07037,0.009216589861751152,4,0.006912442396313364,3,0.0015443342177232074,0.02382135565934941,"Davis, Danny K. ",0,0,1025983.0,-19.5,1045.483,1064.983,3.0,130.0,1.0,DEM,IL,8,1.0,0.0,0.0,0.01
H8FL15107,0.002304147465437788,1,0.006912442396313364,3,0.001369418807067891,0.01855479315719357,"Posey, Bill",0,0,398119.0,-5.9,404.019,409.919,1.0,68.0,1.0,REP,FL,8,1.0,0.0,0.0,55.127
H2CA47188,0.02304147465437788,10,0.04838709677419355,21,0.0016517374256846715,0.0352700556697494,"Garcia, Robert",0,0,1432106.0,-13.0,1445.106,1458.106,9.0,76.0,5.0,DEM,CA,1,5.0,0.0,0.0,81.361
H8AZ09040,0.06221198156682028,27,0.0,0,0.002816381611224058,0.07600367494246642,"Stanton, Greg",0,0,1462040.0,-18.5,1480.54,1499.04,6.0,267.0,5.0,DEM,AZ,3,5.0,0.0,0.0,49.409
H0AZ01259,0.004608294930875576,2,0.0,0,0.0019514192754842,0.020410272472912924,"Gosar, Paul",0,0,236356.0,-15.009,251.365,266.374,5.0,16.0,4.0,REP,AZ,7,2.0,2.0,19.02,88.453
H2NJ10154,0.03225806451612903,14,0.013824884792626727,6,0.0127000417192796,0.06178034672010139,"Payne, Donald M., Jr.",0,0,680981.0,-24.3,705.281,729.581,2.0,196.0,2.0,DEM,NJ,6,2.0,0.0,0.0,0.018
H6WI08155,0.004608294930875576,2,0.0,0,0.0013954910225422515,0.022400850539650248,"Gallagher, Mike ",0,0,1181933.0,-51.8,1233.733,1285.533,5.0,223.0,1.0,REP,WI,4,1.0,0.0,0.0,95.236
H0TN04195,0.006912442396313364,3,0.0,0,0.001956108349485476,0.022586840727753327,"DesJarlais, Scott",0,0,109836.0,-4.15,113.986,118.136,1.0,29.0,0.0,REP,TN,7,0.0,0.0,0.0,0.0
H0MO06073,0.006912442396313364,3,0.0,0,0.0013955979470014889,0.023452483168321065,"Graves, Sam",1,1,1440612.0,-44.45,1485.062,1529.512,2.0,278.0,0.0,REP,MO,8,0.0,0.0,0.0,0.0
H8PA13125,0.004608294930875576,2,0.0,0,0.0013661082932976923,0.021578261637310154,"Joyce, John",0,0,794400.0,-6.02,800.42,806.44,2.0,195.0,0.0,REP,PA,3,0.0,0.0,0.0,0.0
H0VA09055,0.004608294930875576,2,0.0,0,0.0013755159278756885,0.020429014688204482,"Griffith, H. Morgan",0,0,504342.0,-19.7,524.042,543.742,2.0,113.0,0.0,REP,VA,7,0.0,0.0,0.0,0.0
H2CA36439,0.004608294930875576,2,0.0,0,0.0013746138890324932,0.020241592535120256,"Ruiz , Raul",0,0,1053214.0,-25.0,1078.214,1103.214,5.0,204.0,4.0,DEM,CA,6,4.0,0.0,0.0,0.202
H8PA04116,0.009216589861751152,4,0.12442396313364056,54,0.0014962213487687132,0.023990035597142082,"Dean, Madeleine",0,0,984855.0,-6.0,990.855,996.855,3.0,224.0,4.0,DEM,PA,3,4.0,0.0,0.0,1.011
H6FL11126,0.004608294930875576,2,0.018433179723502304,8,0.0013832631340583725,0.020616436841288707,"Castor, Kathy",0,0,600778.0,-27.5,628.278,655.778,3.0,157.0,4.0,DEM,FL,8,4.0,0.0,0.0,0.901
H2NY13096,0.006912442396313364,3,0.07373271889400922,32,0.0013921384223570421,0.022303236219215393,"Espaillat, Adriano",0,0,361230.0,-9.0,370.23,379.23,5.0,98.0,2.0,DEM,NY,4,2.0,0.0,0.0,0.018
H4CA20082,0.006912442396313364,3,0.01152073732718894,5,0.0013921384223570421,0.022303236219215393,"Costa, Jim ",0,0,986360.0,-6.0,992.36,998.36,3.0,231.0,3.0,DEM,CA,8,3.0,0.0,0.0,0.19
H6PA02171,0.009216589861751152,4,0.002304147465437788,1,0.001538602633862503,0.025093952078843577,"Evans, Dwight",0,0,728487.0,-8.5,736.987,745.487,4.0,187.0,2.0,DEM,PA,4,2.0,0.0,0.0,0.018
H6FL09179,0.004608294930875576,2,0.0,0,0.0013746138890324932,0.020241592535120256,"Soto, Darren",0,0,816399.0,-40.5,856.899,897.399,3.0,196.0,4.0,DEM,FL,4,4.0,0.0,0.0,1.937
H0CA10073,0.004608294930875576,2,0.016129032258064516,7,0.0013832631340583725,0.020616436841288707,"DeSaulnier, Mark ",0,0,412657.0,-8.0,420.657,428.657,3.0,96.0,4.0,DEM,CA,5,4.0,0.0,0.0,73.295
H2TX26093,0.009216589861751152,4,0.02534562211981567,11,0.002176912414734616,0.02586823829989982,"Burgess, Michael C.",0,0,666405.0,-13.23,679.635,692.865,3.0,159.0,1.0,REP,TX,8,1.0,0.0,0.0,0.084
H2OR06066,0.08986175115207373,39,0.0,0,0.004677745058030345,0.09300666581542524,"Salinas, Andrea",0,0,3373564.0,-6.0,3379.564,3385.564,15.0,112.0,4.0,DEM,OR,1,3.0,1.0,362.5,287.658
H8FL06148,0.004608294930875576,2,0.004608294930875576,2,0.001384814348184611,0.022265070845097452,"Waltz, Michael ",0,0,584315.0,-17.866,602.181,620.047,3.0,123.0,2.0,REP,FL,3,2.0,0.0,0.0,73.116
H2GA13012,0.006912442396313364,3,0.0,0,0.0013983484736308756,0.02247191615700806,"Scott, David",1,1,1825749.0,-33.975,1859.724,1893.699,4.0,305.0,1.0,DEM,GA,8,1.0,0.0,0.0,117.5
H0WA02080,0.0,0,0.1175115207373272,51,0.0013469695484300797,0.01686799377926688,"Larsen, Rick ",1,0,1062827.0,-11.5,1074.327,1085.827,2.0,199.0,2.0,DEM,WA,8,2.0,0.0,0.0,0.018
H2CA39078,0.002304147465437788,1,0.002304147465437788,1,0.0013558448367287494,0.01855479315719357,"S√°nchez, Linda T.",0,0,1032835.0,-24.5,1057.335,1081.835,4.0,222.0,4.0,DEM,CA,8,4.0,0.0,0.0,0.441
H0WI07101,0.002304147465437788,1,0.002304147465437788,1,0.0013530666692378771,0.018742215310277793,"Tiffany, Tom ",0,0,48385.0,0.0,48.385,48.385,2.0,12.0,1.0,REP,WI,2,0.0,1.0,0.008,0.0
H2WY00166,0.03456221198156682,15,0.10829493087557604,47,0.006096860174621707,0.05680399091794929,"Hageman, Harriett ",0,0,1268698.0,-50.53,1319.228,1369.758,8.0,75.0,7.0,REP,WY,1,4.0,3.0,441.432,490.813
H8PA07200,0.01152073732718894,5,0.02304147465437788,10,0.0015336029339480333,0.026220359219029883,"Scanlon, Mary Gay",0,0,637854.0,-15.5,653.354,668.854,3.0,143.0,4.0,DEM,PA,3,4.0,0.0,0.0,0.636
H8CO07045,0.07373271889400922,32,0.0,0,0.003694096135160421,0.09418525226739533,"Pettersen, Brittany ",0,0,1323423.0,-10.0,1333.423,1343.423,13.0,121.0,4.0,DEM,CO,1,3.0,1.0,425.029,224.927
H0MI03316,0.08986175115207373,39,0.0,0,0.00606562867109512,0.11477840471933001,"Scholten, Hillary",0,0,2975003.0,-10.0,2985.003,2995.003,11.0,115.0,10.0,DEM,MI,1,8.0,2.0,27.402,5.628
H2IL13153,0.07373271889400922,32,0.0,0,0.0033520848382973035,0.08945624857741535,"Budzinki, Nikki ",0,0,1474907.0,-24.107,1499.014,1523.121,14.0,136.0,3.0,DEM,IL,1,3.0,0.0,0.0,268.048
H2OH13264,0.07603686635944701,33,0.0,0,0.004514715106315841,0.09907563686849293,"Sykes, Emilia",0,0,8867659.0,-7.5,8875.159,8882.659,13.0,104.0,8.0,DEM,OH,1,8.0,0.0,0.0,117.496
H2CA37304,0.018433179723502304,8,0.0,0,0.0021474150250253166,0.03902214524353356,"Kamlager, Sydney ",0,0,1370129.0,0.0,1370.129,1370.129,14.0,79.0,5.0,DEM,CA,1,5.0,0.0,0.0,34.736
H8IN07184,0.006912442396313364,3,0.0,0,0.0014243924515339025,0.022097071850839617,"Carson, Andr√© D.",0,0,479845.0,-18.275,498.12,516.395,3.0,117.0,2.0,DEM,IN,8,1.0,1.0,16.951,0.01
H2CO08020,0.06682027649769585,29,0.0,0,0.0036435518051897283,0.0851961496947698,"Caraveo, Yadira ",0,0,11636262.0,-12.0,11648.262,11660.262,14.0,107.0,9.0,DEM,CO,1,8.0,0.0,0.0,925.127
H2NM02191,0.06221198156682028,27,0.0,0,0.003178243306285867,0.07737533829987346,"Vasquez, Gabriel",0,0,7335829.0,-6.0,7341.829,7347.829,12.0,76.0,9.0,DEM,NM,1,7.0,2.0,1268.795,130.648
H2OH01194,0.04838709677419355,21,0.0,0,0.0021805843794565514,0.06142000139868782,"Landsman, Greg",0,0,5205929.0,0.0,5205.929,5205.929,8.0,76.0,11.0,DEM,OH,1,10.0,1.0,73.65,218.754
H2NJ08232,0.020737327188940093,9,0.027649769585253454,12,0.0018266373349807496,0.033304916606321976,"Menendez, Robert J.",0,0,616115.0,-11.4,627.515,638.915,5.0,80.0,0.0,DEM,NJ,1,0.0,0.0,0.0,0.0
H2OR04095,0.06451612903225806,28,0.0,0,0.0039034781164746213,0.07257467812695523,"Hoyle, Val",0,0,2163646.0,-17.22,2180.866,2198.086,13.0,140.0,6.0,DEM,OR,1,4.0,2.0,96.241,360.447
H0FL13158,0.03225806451612903,14,0.002304147465437788,1,0.0027527495607166494,0.05514515710296104,"Luna, Anna Paulina",0,0,7103246.0,-111.292,7214.538,7325.83,4.0,76.0,12.0,REP,FL,1,7.0,5.0,5890.954,635.46
H2VT01076,0.020737327188940093,9,0.006912442396313364,3,0.0016472742556476075,0.03624172176865889,"Balint, Becca",0,0,1647700.0,-8.5,1656.2,1664.7,7.0,47.0,1.0,DEM,VT,1,1.0,0.0,0.0,0.01
H4MO05234,0.009216589861751152,4,0.02304147465437788,10,0.003542888732932062,0.029099070256285643,"Cleaver, Emanuel",0,0,920792.0,-20.0,940.792,960.792,3.0,176.0,3.0,DEM,MO,8,3.0,0.0,0.0,12.518
H6IL18088,0.01152073732718894,5,0.2304147465437788,100,0.0015342655881098745,0.028360465937490784,"LaHood, Darin",0,0,2257805.0,-46.124,2303.929,2350.053,3.0,413.0,1.0,REP,IL,4,1.0,0.0,0.0,15.0
H2AZ02360,0.04608294930875576,20,0.0,0,0.0025684899356352778,0.06759296670101804,"Ciscomani, Juan",0,0,2604343.0,-32.0,2636.343,2668.343,6.0,132.0,3.0,REP,AZ,1,2.0,1.0,9.426,231.442
H2VA02064,0.03917050691244239,17,0.0,0,0.0024497862625020503,0.05872430109878009,"Kiggans, Jen A.",0,0,5641381.0,-64.11,5705.491,5769.601,17.0,130.0,10.0,REP,VA,1,9.0,1.0,300.0,791.548
H6NJ05171,0.02534562211981567,11,0.0,0,0.0020960975870533364,0.03924057619494295,"Gottheimer, Josh",0,0,2150074.0,-62.5,2212.574,2275.074,7.0,373.0,5.0,DEM,NJ,4,3.0,2.0,7.156,152.518
H2IA03119,0.05529953917050691,24,0.0,0,0.0048084050379912525,0.09068375281623156,"Nunn, Zach",0,0,3395632.0,-89.761,3485.393,3575.154,8.0,114.0,4.0,REP,IA,1,4.0,0.0,0.0,126.21
H2IL01349,0.01152073732718894,5,0.0,0,0.0020114456836896988,0.027756776327925482,"Jackson, Jonathan L. ",0,0,968824.0,-9.5,978.324,987.824,5.0,35.0,2.0,DEM,IL,1,2.0,0.0,0.0,11.26
H6IN09143,0.016129032258064516,7,0.0,0,0.0022383000245718276,0.040793840864573556,"Houchin, Erin ",0,0,1506469.0,-10.74,1517.209,1527.949,5.0,79.0,2.0,REP,IN,1,1.0,1.0,42.024,54.648
H2MI10150,0.020737327188940093,9,0.0,0,0.001842004821543611,0.03769172549992321,"James, John",0,0,1159954.0,0.0,1159.954,1159.954,4.0,27.0,5.0,REP,MI,1,5.0,0.0,0.0,128.274
H2MN01223,0.03225806451612903,14,0.0,0,0.0020645397702193998,0.05602076506046754,"Finstad, Brad",0,0,3047266.0,-8.662,3055.928,3064.59,6.0,116.0,5.0,REP,MN,1,4.0,1.0,124.0,644.624
H0MI02094,0.03456221198156682,15,0.0,0,0.011181297550072088,0.06385255326520613,"Huizenga, Bill",0,0,1762300.0,-53.096,1815.396,1868.492,3.0,286.0,2.0,REP,MI,7,2.0,0.0,0.0,32.069
H2NY19127,0.05069124423963134,22,0.0,0,0.003895715276539316,0.08099335046060216,"Molinaro, Marcus",0,0,6592644.0,-19.192,6611.836,6631.028,6.0,101.0,4.0,REP,NY,1,3.0,1.0,0.032,17.694
H0AR03055,0.006912442396313364,3,0.0,0,0.0013909114689924084,0.02413929237610836,"Womack, Steve ",0,0,859417.0,-20.0,879.417,899.417,1.0,170.0,1.0,REP,AR,7,0.0,1.0,0.008,0.0
H6TX12060,0.002304147465437788,1,0.0,0,0.0013530666692378771,0.018742215310277793,"Granger, Kay",1,1,1075552.0,-40.555,1116.107,1156.662,2.0,225.0,2.0,REP,TX,8,1.0,1.0,2.9,0.084
H2TX01112,0.02304147465437788,10,0.0,0,0.0019015938067110225,0.04674456953363181,"Moran, Nathaniel ",0,0,168889.0,-6.876,175.765,182.641,1.0,39.0,1.0,REP,TX,1,1.0,0.0,0.0,0.015
H2NY00010,0.002304147465437788,1,0.009216589861751152,4,0.0013558448367287494,0.01855479315719357,"Velazquez, Nydia M.",1,1,253930.0,-6.0,259.93,265.93,1.0,59.0,2.0,DEM,NY,8,2.0,0.0,0.0,0.018
H2IL03162,0.02534562211981567,11,0.002304147465437788,1,0.0030851945413133556,0.038487318595637095,"Ramirez, Delia ",0,0,1017920.0,-2.5,1020.42,1022.92,10.0,63.0,5.0,DEM,IL,1,4.0,1.0,11.689,369.943
H4CA23011,0.002304147465437788,1,0.0,0,0.0015116065347420145,0.01872347309498624,"Waters, Maxine ",1,1,682243.0,-28.0,710.243,738.243,1.0,132.0,4.0,DEM,CA,8,4.0,0.0,0.0,0.441
H2TX35144,0.020737327188940093,9,0.0,0,0.0019065257981849134,0.034232835720237276,"Casar, Greg",0,0,647154.0,-17.5,664.654,682.154,18.0,65.0,1.0,DEM,TX,1,1.0,0.0,0.0,0.01
H2TX30178,0.009216589861751152,4,0.018433179723502304,8,0.0014327972993061712,0.024533559841103194,"Crockett, Jasmine ",0,0,1961267.0,0.0,1961.267,1961.267,11.0,41.0,2.0,DEM,TX,1,2.0,0.0,0.0,182.574
H6CA20152,0.006912442396313364,3,0.006912442396313364,3,0.0014369756028604305,0.022303236219215393,"Panetta, Jimmy",0,0,1398743.0,-35.1,1433.843,1468.943,6.0,298.0,5.0,DEM,CA,4,5.0,0.0,0.0,0.335
H8NY25105,0.04838709677419355,21,0.0,0,0.0025335923514151924,0.0569062484798989,"Morelle, Joseph D.",1,0,1377227.0,-30.6,1407.827,1438.427,4.0,233.0,2.0,DEM,NY,3,2.0,0.0,0.0,0.012
H8TX29052,0.006912442396313364,3,0.0,0,0.0014102144179380573,0.023399835270923357,"Garcia, Sylvia",0,0,655480.0,-20.0,675.48,695.48,2.0,168.0,3.0,DEM,TX,3,3.0,0.0,0.0,0.024
H6CO01141,0.006912442396313364,3,0.01152073732718894,5,0.0013949714868557205,0.022303236219215393,"DeGette, Diana ",0,0,663351.0,-15.0,678.351,693.351,1.0,163.0,2.0,DEM,CO,8,2.0,0.0,0.0,0.018
H6WA09025,0.002304147465437788,1,0.018433179723502304,8,0.0013558448367287494,0.01855479315719357,"Smith, Adam ",1,1,728044.0,-30.1,758.144,788.244,2.0,122.0,2.0,DEM,WA,8,2.0,0.0,0.0,0.018
H8IL04134,0.002304147465437788,1,0.03686635944700461,16,0.0013558448367287494,0.01855479315719357,"Garcia, Jesus ""Chuy""",0,0,669432.0,-4.0,673.432,677.432,4.0,97.0,2.0,DEM,IL,3,2.0,0.0,0.0,0.018
H2HI02128,0.004608294930875576,2,0.0,0,0.0013733693700532983,0.020616436841288707,"Case, Ed",0,0,466395.0,-16.1,482.495,498.595,1.0,113.0,2.0,DEM,HI,3,2.0,0.0,0.0,0.668
H6CA44103,0.002304147465437788,1,0.052995391705069124,23,0.0013558448367287494,0.01855479315719357,"Barragan, Nanette Diaz",0,0,834233.0,-8.5,842.733,851.233,3.0,195.0,5.0,DEM,CA,4,5.0,0.0,0.0,0.468
H4CA35031,0.002304147465437788,1,0.013824884792626727,6,0.0013558448367287494,0.01855479315719357,"Torres, Norma J. ",0,0,522337.0,-6.0,528.337,534.337,3.0,113.0,3.0,DEM,CA,5,3.0,0.0,0.0,0.221
H6NJ08118,0.004608294930875576,2,0.0,0,0.0013733693700532983,0.020616436841288707,"Pascrell, Bill, Jr.",0,0,902779.0,-26.668,929.447,956.115,1.0,208.0,2.0,DEM,NJ,8,2.0,0.0,0.0,0.018
H2WA06129,0.004608294930875576,2,0.002304147465437788,1,0.0013733693700532983,0.020616436841288707,"Kilmer, Derek ",0,0,1251466.0,-19.1,1270.566,1289.666,6.0,258.0,2.0,DEM,WA,6,2.0,0.0,0.0,0.018
H8FL20032,0.002304147465437788,1,0.002304147465437788,1,0.0013558448367287494,0.01855479315719357,"Cherfilus-McCormick, Sheila ",0,0,108365.0,0.0,108.365,108.365,1.0,9.0,3.0,DEM,FL,1,2.0,1.0,37.017,1.008
H6CA24113,0.002304147465437788,1,0.10368663594470046,45,0.0013558448367287494,0.01855479315719357,"Sherman, Brad ",0,0,875853.0,-11.0,886.853,897.853,3.0,170.0,4.0,DEM,CA,8,4.0,0.0,0.0,0.333
H2NC02287,0.06912442396313365,30,0.0,0,0.0039781533760755465,0.0858182874941331,"Davis, Don ",0,0,2837782.0,-3.9,2841.682,2845.582,9.0,103.0,2.0,DEM,NC,1,2.0,0.0,0.0,2102.646
H0GA06192,0.002304147465437788,1,0.0,0,0.001369418807067891,0.01855479315719357,"Greene, Marjorie Taylor",0,0,495182.0,-16.486,511.668,528.154,6.0,18.0,6.0,REP,GA,2,2.0,4.0,54.64,19.666
H0MN04049,0.006912442396313364,3,0.002304147465437788,1,0.0014000563821553462,0.021928391913046946,"McCollum, Betty",0,0,1070390.0,-4.5,1074.89,1079.39,1.0,159.0,5.0,DEM,MN,8,5.0,0.0,0.0,299.109
H2OH03067,0.002304147465437788,1,0.0,0,0.0013530666692378771,0.018742215310277793,"Turner, Mike",1,1,574035.0,-26.044,600.079,626.123,2.0,115.0,1.0,REP,OH,8,0.0,1.0,0.008,0.0
H6PA16320,0.006912442396313364,3,0.0,0,0.0014024146068988435,0.024158034591399914,"Smucker, Lloyd K.",0,0,832435.0,-24.05,856.485,880.535,2.0,183.0,0.0,REP,PA,4,0.0,0.0,0.0,0.0
H6KY01110,0.004608294930875576,2,0.0,0,0.0013661082932976923,0.021578261637310154,"Comer, James R.",1,1,838575.0,-7.532,846.107,853.639,3.0,189.0,0.0,REP,KY,4,0.0,0.0,0.0,0.0
H2NE01118,0.013824884792626727,6,0.0,0,0.001543262560252082,0.03439824063195009,"Flood, Mike",0,0,771592.0,-132.523,904.115,1036.638,2.0,117.0,1.0,REP,NE,1,1.0,0.0,0.0,85.0
H8SC05158,0.004608294930875576,2,0.006912442396313364,3,0.0013661082932976923,0.021578261637310154,"Norman, Ralph",0,0,315165.0,-0.677,315.842,316.519,2.0,74.0,1.0,REP,SC,3,0.0,1.0,0.008,0.0
H2CA13131,0.05069124423963134,22,0.0,0,0.004587668824602002,0.07356141510038182,"Duarte, John",0,0,6828816.0,-10.36,6839.176,6849.536,5.0,78.0,2.0,REP,CA,1,1.0,1.0,37.994,4.039
H2OH16051,0.02304147465437788,10,0.006912442396313364,3,0.0018485754132460208,0.046241476448450364,"Miller, Max",0,0,387533.0,-2.182,389.715,391.897,6.0,55.0,5.0,REP,OH,1,5.0,0.0,0.0,139.319
H2OK04055,0.006912442396313364,3,0.002304147465437788,1,0.0013781972960068259,0.02392350982994322,"Cole, Tom ",1,1,939708.0,-7.5,947.208,954.708,0.0,221.0,0.0,REP,OK,8,0.0,0.0,0.0,0.0
H4AR02141,0.004608294930875576,2,0.0,0,0.0013661082932976923,0.021578261637310154,"Hill, French ",0,0,1353770.0,-31.338,1385.108,1416.446,4.0,216.0,2.0,REP,AR,5,0.0,2.0,54.167,0.0
H8MS03125,0.03917050691244239,17,0.0,0,0.0033949130697615132,0.05580418184377187,"Guest, Michael",1,1,676020.0,-20.703,696.723,717.426,3.0,175.0,1.0,REP,MS,3,1.0,0.0,0.0,3.0
H8SD01055,0.009216589861751152,4,0.004608294930875576,2,0.0014007482076626703,0.025797731360954132,"Johnson, Dusty",0,0,1335826.0,-14.017,1349.843,1363.86,4.0,212.0,3.0,REP,SD,3,1.0,2.0,273.634,29.357
H8OK01157,0.006912442396313364,3,0.0,0,0.0014024146068988435,0.024158034591399914,"Hern, Kevin",0,0,818875.0,-3.525,822.4,825.925,3.0,187.0,0.0,REP,OK,3,0.0,0.0,0.0,0.0
H6MS01131,0.01152073732718894,5,0.002304147465437788,1,0.0014453318403441077,0.02795555740050298,"Kelly, Trent",0,0,459918.0,-8.691,468.609,477.3,1.0,118.0,0.0,REP,MS,4,0.0,0.0,0.0,0.0
H2NC14050,0.013824884792626727,6,0.0,0,0.0016480420688916322,0.037005575396679195,"Edwards, Chuck",0,0,619678.0,-2.613,622.291,624.904,3.0,64.0,1.0,REP,NC,1,1.0,0.0,0.0,5.663
H2TX03290,0.016129032258064516,7,0.0,0,0.0016506332053927975,0.03916340143622805,"Self, Keith ",0,0,124970.0,-3.716,128.686,132.402,2.0,40.0,1.0,REP,TX,1,1.0,0.0,0.0,2.5
H4GA10071,0.020737327188940093,9,0.002304147465437788,1,0.002209636379153296,0.04594537187904896,"Collins, Mike",0,0,210497.0,-0.05,210.547,210.597,2.0,30.0,1.0,REP,GA,1,1.0,0.0,0.0,81.1
H2AL05102,0.018433179723502304,8,0.0,0,0.0020473978361026223,0.04286885348343401,"Strong, Dale",0,0,1256609.0,-9.0,1265.609,1274.609,2.0,72.0,3.0,REP,AL,1,1.0,2.0,495.898,30.453
H2CA03157,0.029953917050691243,13,0.002304147465437788,1,0.0020639995017868802,0.05204592019296508,"Kiley, Kevin",0,0,489151.0,-2.5,491.651,494.151,2.0,49.0,2.0,REP,CA,1,2.0,0.0,0.0,177.027
H2OR05209,0.04377880184331797,19,0.0,0,0.0032614050337703613,0.068533544341321,"Chavez-DeRemer, Lori ",0,0,3193160.0,-16.157,3209.317,3225.474,8.0,131.0,5.0,REP,OR,1,4.0,1.0,124.983,80.909
H6MD07020,0.0,0,0.004608294930875576,2,0.0013469695484300797,0.01686799377926688,"Mfume, Kweisi",0,0,331594.0,-25.0,356.594,381.594,3.0,93.0,2.0,DEM,MD,2,2.0,0.0,0.0,0.102
H2KY03206,0.018433179723502304,8,0.016129032258064516,7,0.0016186961451835893,0.032377356404517915,"McGarvey, Morgan",0,0,1513262.0,0.0,1513.262,1513.262,8.0,117.0,1.0,DEM,KY,1,1.0,0.0,0.0,0.01
H2NC14019,0.07834101382488479,34,0.0,0,0.005771164116645355,0.10226079107685715,"Nickel, Wiley",0,0,6133302.0,-18.0,6151.302,6169.302,9.0,103.0,8.0,DEM,NC,1,6.0,2.0,337.309,74.323
H2RI02184,0.06451612903225806,28,0.0,0,0.003323558113984684,0.07846837108913081,"Magaziner, Seth M.",0,0,5542884.0,-10.5,5553.384,5563.884,11.0,110.0,3.0,DEM,RI,1,2.0,1.0,18.47,40.803
H2PA17103,0.06451612903225806,28,0.0,0,0.004826371815662275,0.07784881200337733,"Deluzio, Chris",0,0,9143556.0,-3.0,9146.556,9149.556,8.0,93.0,6.0,DEM,PA,1,6.0,0.0,0.0,103.765
H8NY19223,0.08294930875576037,36,0.0,0,0.0036877554028668857,0.09249262592417679,"Ryan, Pat",0,0,6544011.0,-12.966,6556.977,6569.943,13.0,123.0,3.0,DEM,NY,1,2.0,1.0,26.317,0.06
H4MN06087,0.002304147465437788,1,0.018433179723502304,8,0.001360011172489895,0.019704040106299243,"Emmer, Tom",1,0,1769698.0,-141.843,1911.541,2053.384,6.0,324.0,0.0,REP,MN,5,0.0,0.0,0.0,0.0
H0CA10149,0.0,0,0.05069124423963134,22,0.0013469695484300797,0.01686799377926688,"Garamendi, John",0,0,657822.0,-6.5,664.322,670.822,2.0,151.0,3.0,DEM,CA,7,2.0,1.0,0.156,0.181
H2NY17162,0.03456221198156682,15,0.0,0,0.002808600438234412,0.06265988263825624,"Lawler, Michael V.",0,0,795973.0,-18.952,814.925,833.877,4.0,104.0,2.0,REP,NY,1,0.0,2.0,378.543,0.0
H2CA14162,0.004608294930875576,2,0.0,0,0.0014928942743931794,0.020410272472912924,"Mullin, Kevin",0,0,844337.0,0.0,844.337,844.337,3.0,58.0,4.0,DEM,CA,1,4.0,0.0,0.0,594.94
H0CA32101,0.0,0,0.06451612903225806,28,0.0013469695484300797,0.01686799377926688,"Chu, Judy",0,0,615994.0,-11.0,626.994,637.994,5.0,151.0,4.0,DEM,CA,7,4.0,0.0,0.0,5.005
H0IL05096,0.0,0,0.002304147465437788,1,0.0013469695484300797,0.01686799377926688,"Quigley, Mike ",0,0,734030.0,-17.0,751.03,768.03,2.0,157.0,2.0,DEM,IL,7,2.0,0.0,0.0,0.018
H6MD08549,0.01152073732718894,5,0.004608294930875576,2,0.0017521940112244666,0.02530199066890032,"Trone, David J.",0,0,45439.0,-5.9,51.339,57.239,2.0,7.0,2.0,DEM,MD,3,2.0,0.0,0.0,0.876
H2NC06114,0.016129032258064516,7,0.009216589861751152,4,0.0016404799976509595,0.03150960376510871,"Foushee, Valerie P.",0,0,3600377.0,-13.4,3613.777,3627.177,6.0,67.0,2.0,DEM,NC,1,2.0,0.0,0.0,2128.204
H8NJ03073,0.0,0,0.002304147465437788,1,0.0013469695484300797,0.01686799377926688,"Pallone, Frank, Jr.",1,1,1998322.0,-35.0,2033.322,2068.322,4.0,366.0,3.0,DEM,NJ,8,3.0,0.0,0.0,0.046
H2SC07280,0.018433179723502304,8,0.0,0,0.0017799948519716222,0.04165170226879689,"Fry, Russell",0,0,570901.0,-16.779,587.68,604.459,6.0,45.0,2.0,REP,SC,1,1.0,1.0,345.2,3.669
H4WA05077,0.006912442396313364,3,0.002304147465437788,1,0.0014084064888001797,0.02462906125302207,"McMorris Rodgers, Cathy ",1,1,3406472.0,-71.697,3478.169,3549.866,3.0,555.0,1.0,REP,WA,7,0.0,1.0,1.427,0.0
H2AK01158,0.06682027649769585,29,0.0,0,0.003677682942006959,0.07976659937635877,"Peltola, Mary S. ",0,0,3428767.0,-1.412,3430.179,3431.591,5.0,101.0,8.0,DEM,AK,1,7.0,0.0,0.0,2938.869
H2MD04315,0.016129032258064516,7,0.018433179723502304,8,0.0015474736745647525,0.036024455905941784,"Ivey, Glenn F. ",0,0,2736317.0,-10.4,2746.717,2757.117,2.0,60.0,4.0,DEM,MD,1,3.0,1.0,364.708,1742.522
H6GA04129,0.0,0,0.016129032258064516,7,0.0013469695484300797,0.01686799377926688,"Johnson, Harry C. ""Hank,"" Jr.",0,0,439419.0,-20.5,459.919,480.419,3.0,114.0,3.0,DEM,GA,8,3.0,0.0,0.0,0.087
H0FL17068,0.002304147465437788,1,0.0,0,0.0013644940817546286,0.018929637463362015,"Wilson, Frederica",0,0,329028.0,-13.5,342.528,356.028,3.0,83.0,3.0,DEM,FL,7,3.0,0.0,0.0,1.016
H2FL14053,0.018433179723502304,8,0.004608294930875576,2,0.0028221744444953643,0.03195547710398062,"Frankel, Lois",0,0,533608.0,-9.0,542.608,551.608,6.0,115.0,4.0,DEM,FL,6,4.0,0.0,0.0,62.486
H8MN05239,0.004608294930875576,2,0.0,0,0.0014377672822452952,0.020410272472912924,"Omar, Ilhan",0,0,437148.0,-29.241,466.389,495.63,7.0,39.0,7.0,DEM,MN,3,3.0,4.0,140.833,31.466
H2IL17147,0.059907834101382486,26,0.0,0,0.0024116498159174335,0.07022929109875706,"Sorensen, Eric ",0,0,8421818.0,-2.0,8423.818,8425.818,12.0,95.0,4.0,DEM,IL,1,4.0,0.0,0.0,0.121
H2FL04211,0.03456221198156682,15,0.0,0,0.002422839461874152,0.05587081405661415,"Bean, Aaron",0,0,1763476.0,-20.9,1784.376,1805.276,5.0,103.0,1.0,REP,FL,1,1.0,0.0,0.0,963.867
H2NY23228,0.009216589861751152,4,0.01152073732718894,5,0.0015811865819689366,0.03247554687000377,"Langworthy, Nick",0,0,248850.0,-16.819,265.669,282.488,1.0,46.0,1.0,REP,NY,1,1.0,0.0,0.0,92.869
H2TN05446,0.020737327188940093,9,0.0,0,0.0022722289574368835,0.043306837118297276,"Ogles, Andy",0,0,2370743.0,-0.016,2370.759,2370.775,1.0,30.0,8.0,REP,TN,1,5.0,3.0,887.425,1062.732
H2NY04277,0.02534562211981567,11,0.0,0,0.0026410548883995665,0.053144313492833974,"D'Esposito, Anthony P.",0,0,1687034.0,-5.975,1693.009,1698.984,3.0,54.0,1.0,REP,NY,1,0.0,1.0,0.01,0.0
H2OK02315,0.016129032258064516,7,0.0,0,0.0023019530190581694,0.03968299920542286,"Brecheen, Josh",0,0,4227707.0,-1.0,4228.707,4229.707,0.0,38.0,4.0,REP,OK,1,3.0,1.0,2124.68,1977.916
H2PA18200,0.04608294930875576,20,0.0,0,0.0038813610842673503,0.06423221887682941,"Lee, Summer",0,0,6009822.0,0.0,6009.822,6009.822,11.0,57.0,8.0,DEM,PA,1,7.0,1.0,3273.947,117.276
H4CA16049,0.0,0,0.04838709677419355,21,0.0013469695484300797,0.01686799377926688,"Lofgren, Zoe",1,1,518792.0,-12.0,530.792,542.792,2.0,116.0,4.0,DEM,CA,8,4.0,0.0,0.0,0.308
H4MA03022,0.0,0,0.006912442396313364,3,0.0013469695484300797,0.01686799377926688,"McGovern, James P.",1,1,338668.0,-4.0,342.668,346.668,1.0,71.0,2.0,DEM,MA,8,2.0,0.0,0.0,0.018
H2WA03217,0.041474654377880185,18,0.0,0,0.004190632020011545,0.05179776047616753,"Perez, Marie Gluesenkamp",0,0,273529.0,0.0,273.529,273.529,3.0,45.0,4.0,DEM,WA,1,3.0,1.0,3.5,58.527
H2AZ01354,0.05069124423963134,22,0.0,0,0.006264758567199431,0.07498939005830209,"Crane, Eli",0,0,1948603.0,-84.483,2033.086,2117.569,6.0,74.0,9.0,REP,AZ,1,7.0,2.0,249.156,302.791
H0MA10082,0.002304147465437788,1,0.002304147465437788,1,0.0014741820140443443,0.01855479315719357,"Keating, Bill",0,0,329441.0,-18.0,347.441,365.441,1.0,90.0,0.0,DEM,MA,7,0.0,0.0,0.0,0.0
H2MI13204,0.016129032258064516,7,0.009216589861751152,4,0.001766584574037789,0.03098574373018361,"Thanedar, Shri",0,0,1508809.0,0.0,1508.809,1508.809,2.0,18.0,3.0,DEM,MI,1,2.0,1.0,1428.678,3.027
H8NY06048,0.002304147465437788,1,0.002304147465437788,1,0.0013558448367287494,0.01855479315719357,"Meeks, Gregory W.",1,1,1045416.0,-37.0,1082.416,1119.416,2.0,222.0,2.0,DEM,NY,8,2.0,0.0,0.0,0.018
H2FL22171,0.020737327188940093,9,0.0,0,0.0017048537008577623,0.03577363720429428,"Moskowitz, Jared ",0,0,538942.0,-2.5,541.442,543.942,5.0,49.0,4.0,DEM,FL,1,4.0,0.0,0.0,35.06
H0KY05015,0.004608294930875576,2,0.0,0,0.0013721001751990285,0.02204928829893231,"Rogers, Harold ""Hal""",0,0,363850.0,-6.25,370.1,376.35,1.0,89.0,0.0,REP,KY,8,0.0,0.0,0.0,0.0
H2MS04258,0.020737327188940093,9,0.0,0,0.001786892965387904,0.043267946589126756,"Ezell, Mike",0,0,215251.0,0.0,215.251,215.251,1.0,52.0,1.0,REP,MS,1,0.0,1.0,37.399,0.0
H2FL10259,0.029953917050691243,13,0.013824884792626727,6,0.004591295177304046,0.04593241391237311,"Frost, Maxwell Alejandro ",0,0,1664149.0,0.0,1664.149,1664.149,12.0,52.0,3.0,DEM,FL,1,3.0,0.0,0.0,1.097
H2IN02295,0.018433179723502304,8,0.0,0,0.001890669069424022,0.041336433231832656,"Yakym, Rudolph C., III",0,0,256597.0,-21.706,278.303,300.009,3.0,54.0,0.0,REP,IN,1,0.0,0.0,0.0,0.0
H2FL15241,0.006912442396313364,3,0.0,0,0.0013877065836028551,0.022961685033921774,"Lee, Laurel ",0,0,1759838.0,0.0,1759.838,1759.838,1.0,24.0,4.0,REP,FL,1,3.0,1.0,70.852,825.375
H2MO04207,0.006912442396313364,3,0.002304147465437788,1,0.0014006355219993672,0.023784273936261868,"Alford, Mark ",0,0,637775.0,0.0,637.775,637.775,1.0,11.0,3.0,REP,MO,1,2.0,1.0,21.7,88.805
H8TX05144,0.002304147465437788,1,0.0,0,0.0013530666692378771,0.018742215310277793,"Gooden, Lance",0,0,531713.0,-33.005,564.718,597.723,1.0,116.0,1.0,REP,TX,3,1.0,0.0,0.0,0.084
H0TN03254,0.002304147465437788,1,0.0,0,0.0013530666692378771,0.018742215310277793,"Fleischmann, Chuck ",0,0,67000.0,0.0,67.0,67.0,0.0,18.0,0.0,REP,TN,7,0.0,0.0,0.0,0.0
H8TN06094,0.004608294930875576,2,0.004608294930875576,2,0.0013661082932976923,0.021578261637310154,"Rose, John",0,0,334219.0,-20.074,354.293,374.367,2.0,86.0,0.0,REP,TN,3,0.0,0.0,0.0,0.0
H2MO07143,0.016129032258064516,7,0.0,0,0.0017115662178532204,0.038381815971574446,"Burlison, Eric ",0,0,1215543.0,-4.795,1220.338,1225.133,1.0,43.0,4.0,REP,MO,1,4.0,0.0,663.014,208.088
H8MI13250,0.002304147465437788,1,0.0,0,0.0013661771968331389,0.01872347309498624,"Tlaib, Rashida ",0,0,374441.0,-7.0,381.441,388.441,7.0,28.0,8.0,DEM,MI,3,5.0,3.0,140.833,8.94
H2NY17071,0.009216589861751152,4,0.0,0,0.0014203249354453802,0.02361519129097363,"Nadler, Jerrold L.",1,1,619390.0,-7.5,626.89,634.39,3.0,113.0,2.0,DEM,NY,8,2.0,0.0,0.0,70.008
H2AZ07070,0.0,0,0.002304147465437788,1,0.0013469695484300797,0.01686799377926688,"Grijalva, Ra√∫l",1,1,210544.0,0.0,210.544,210.544,1.0,53.0,3.0,DEM,AZ,8,3.0,0.0,0.0,0.051
H6CA05195,0.0,0,0.020737327188940093,9,0.0013469695484300797,0.01686799377926688,"Matsui, Doris",0,0,779559.0,-24.0,803.559,827.559,1.0,185.0,3.0,DEM,CA,8,3.0,0.0,0.0,0.298
H2HI02581,0.013824884792626727,6,0.013824884792626727,6,0.0014952891371988928,0.027907158596956576,"Tokuda, Jill N.",0,0,602449.0,-5.0,607.449,612.449,4.0,49.0,1.0,DEM,HI,1,0.0,1.0,178.488,0.0
H6CA24303,0.0,0,0.009216589861751152,4,0.0013469695484300797,0.01686799377926688,"Carbajal, Salud ",0,0,1079576.0,-4.0,1083.576,1087.576,4.0,163.0,4.0,DEM,CA,4,4.0,0.0,0.0,67.844
H6FL18097,0.004608294930875576,2,0.0,0,0.0013721001751990285,0.02204928829893231,"Mast, Brian",0,0,392248.0,-81.296,473.544,554.84,2.0,74.0,3.0,REP,FL,4,3.0,0.0,0.0,113.969
H6FL04105,0.004608294930875576,2,0.0,0,0.001384814348184611,0.022265070845097452,"Rutherford, John H.",0,0,1119747.0,-11.5,1131.247,1142.747,0.0,89.0,2.0,REP,FL,4,2.0,0.0,0.0,731.347
H8CT04172,0.0,0,0.052995391705069124,23,0.0013469695484300797,0.01686799377926688,"Himes, Jim",1,0,902272.0,-85.1,987.372,1072.472,0.0,192.0,3.0,DEM,CT,8,2.0,1.0,0.651,0.018
H8VA11062,0.0,0,0.10599078341013825,46,0.0013469695484300797,0.01686799377926688,"Connolly, Gerald E. ""Gerry""",0,0,885988.0,-8.0,893.988,901.988,2.0,146.0,3.0,DEM,VA,8,3.0,0.0,0.0,70.576
H4TX18054,0.002304147465437788,1,0.0,0,0.001368571665232502,0.01855479315719357,"Lee, Sheila Jackson",0,0,234168.0,-11.0,245.168,256.168,4.0,57.0,3.0,DEM,TX,8,3.0,0.0,0.0,0.024
H2NY10308,0.006912442396313364,3,0.0,0,0.0014278659717550726,0.023024990964754913,"Goldman, Daniel",0,0,105980.0,0.0,105.98,105.98,2.0,23.0,0.0,DEM,NY,1,0.0,0.0,0.0,0.0
H4NC10047,0.004608294930875576,2,0.0,0,0.0018828743054082099,0.02383738637517202,"McHenry, Patrick",1,1,2245652.0,-51.806,2297.458,2349.264,3.0,323.0,1.0,REP,NC,8,1.0,0.0,0.0,167.0
H8NY15148,0.0,0,0.009216589861751152,4,0.0013469695484300797,0.01686799377926688,"Ocasio-Cortez, Alexandria",0,0,203705.0,-2.501,206.206,208.707,4.0,10.0,6.0,DEM,NY,3,2.0,4.0,141.28,0.018
H6DE00206,0.004608294930875576,2,0.0,0,0.0014013391296393877,0.02171303589299667,"Rochester, Lisa Blunt ",0,0,1356031.0,-12.25,1368.281,1380.531,7.0,309.0,2.0,DEM,DE,4,2.0,0.0,0.0,0.018
H6VA04061,0.002304147465437788,1,0.0,0,0.001501152720492796,0.020297374634464942,"McEachin, A. Donald",0,0,589607.0,-14.0,603.607,617.607,6.0,159.0,3.0,DEM,VA,4,3.0,0.0,0.0,0.046
H8CA34068,0.0,0,0.01152073732718894,5,0.0013469695484300797,0.01686799377926688,"Napolitano, Grace F. ",0,0,286606.0,-2.5,289.106,291.606,1.0,85.0,4.0,DEM,CA,8,4.0,0.0,0.0,0.441
H4MA05084,0.0,0,0.002304147465437788,1,0.0013469695484300797,0.01686799377926688,"Clark, Katherine M.",1,0,1210118.0,-30.0,1240.118,1270.118,6.0,233.0,2.0,DEM,MA,5,2.0,0.0,0.0,0.018
H2MD02160,0.002304147465437788,1,0.0,0,0.0013558448367287494,0.01855479315719357,"Ruppersberger, C. A. Dutch",0,0,672281.0,-18.5,690.781,709.281,2.0,126.0,2.0,DEM,MD,8,2.0,0.0,0.0,0.102
H2CA43245,0.0,0,0.018433179723502304,8,0.0013469695484300797,0.01686799377926688,"Takano, Mark",1,1,384520.0,-8.0,392.52,400.52,3.0,82.0,3.0,DEM,CA,6,3.0,0.0,0.0,0.358
H2CA06259,0.0,0,0.0,0,0.0013469695484300797,0.01686799377926688,"Huffman, Jared",0,0,389998.0,-4.0,393.998,397.998,4.0,99.0,4.0,DEM,CA,6,4.0,0.0,0.0,0.216
H0CT03072,0.0,0,0.0,0,0.0013469695484300797,0.01686799377926688,"DeLauro, Rosa L.",1,1,868180.0,-37.1,905.28,942.38,5.0,187.0,2.0,DEM,CT,8,2.0,0.0,0.0,0.018
H4FL20023,0.0,0,0.0,0,0.0013469695484300797,0.01686799377926688,"Schultz, Debbie Wasserman ",0,0,675777.0,-14.0,689.777,703.777,7.0,140.0,3.0,DEM,FL,8,3.0,0.0,0.0,0.516
H8MA07032,0.0,0,0.0,0,0.0013469695484300797,0.01686799377926688,"Pressley, Ayanna S.",0,0,221673.0,-2.001,223.674,225.675,5.0,18.0,4.0,DEM,MA,3,2.0,2.0,127.5,0.018
H0NY02200,0.0,0,0.0,0,0.0013469695484300797,0.01686799377926688,"LaLota, Nicholas J.",0,0,3209.0,0.0,3.209,3.209,0.0,0.0,0.0,REP,NY,1,0.0,0.0,0.0,0.0
H2NY13120,0.0,0,0.0,0,0.0013469695484300797,0.01686799377926688,"Williams, Brandon M.",0,0,0.0,0.0,0.0,0.0,0.0,0.0,0.0,DEM,NY,1,0.0,0.0,0.0,0.0
H8OH05036,0.0,0,0.0,0,0.0013469695484300797,0.01686799377926688,"Latta, Bob",0,0,980683.0,-15.908,996.591,1012.499,2.0,227.0,1.0,REP,OH,8,0.0,1.0,0.008,0.0
H6WA07458,0.0,0,0.0,0,0.0013469695484300797,0.01686799377926688,"Jayapal, Pramila",0,0,342538.0,-8.5,351.038,359.538,7.0,61.0,2.0,DEM,WA,4,2.0,0.0,0.0,0.018
H2WI02124,0.0,0,0.0,0,0.0013469695484300797,0.01686799377926688,"Pocan, Mark ",0,0,522037.0,-19.4,541.437,560.837,5.0,104.0,2.0,DEM,WI,6,2.0,0.0,0.0,0.018
