CAND_ID,degree_in,degree_in_raw,degree_out,degree_out_raw,pagerank,katz,CANDIDATE NAME,in_closeness,out_closeness,total,negative,positive,absolute,PAC,CAND_PTY_AFFILIATION,CAND_OFFICE_ST,cumulative_occurrence,24E,24A,total_24a_positive,total_24e_positive,chairs_next,chairs_now
H2FL03056,0.002304147465437788,1,0.009216589861751152,4,0.0008797425697948335,0.018358546553477142,"Brown, Corrine",0.007373271889400922,0.04594115561857498,294538,-20.0,314.538,334.538,88,DEM,FL,1,0.0,0.0,0.0,0.0,0,0
H6WI08122,0.15668202764976957,68,0.0,0,0.006235147384879163,0.1590082116337813,"Kagen, Steve",0.1889984250131249,0.0,2196396,-13.0,2209.396,2222.396,221,DEM,WI,1,0.0,0.0,0.0,0.0,0,0
H2NY00010,0.002304147465437788,1,0.016129032258064516,7,0.0008797425697948335,0.018358546553477142,"Velazquez, Nydia M.",0.007373271889400922,0.06366413031829386,748842,-21.4,770.242,791.642,203,DEM,NY,1,0.0,0.0,0.0,0.0,1,1
H6IN08210,0.08755760368663594,38,0.013824884792626727,6,0.002465463316132167,0.09078711026861924,"Ellsworth, Brad",0.12947617638354542,0.03937340945044363,848624,-16.0,864.624,880.624,237,DEM,IN,1,0.0,0.0,0.0,0.0,0,0
H6NY19144,0.0967741935483871,42,0.002304147465437788,1,0.004167122736190646,0.10107155747474271,"Hall, John",0.15611618612617756,0.0578512814293799,604428,-20.5,624.928,645.428,151,DEM,NY,1,0.0,0.0,0.0,0.0,0,0
H6TX15055,0.002304147465437788,1,0.02304147465437788,10,0.0008797425697948335,0.018358546553477142,"Hinojosa, Rubén",0.007373271889400922,0.07500157818319551,316102,-31.0,347.102,378.102,121,DEM,TX,1,0.0,0.0,0.0,0.0,0,0
H8TX28013,0.11290322580645161,49,0.0,0,0.00465725182870278,0.11442240248114055,"Rodriguez, Ciro D.",0.12415749710022259,0.0,1586913,-64.94,1651.853,1716.793,226,DEM,TX,1,0.0,0.0,0.0,0.0,0,0
H6NY20167,0.1152073732718894,50,0.0,0,0.0035688372492208302,0.11825049171237126,"Gillibrand, Kirsten E.",0.13723695046521,0.0,1055853,-25.34,1081.193,1106.533,275,DEM,NY,1,0.0,0.0,0.0,0.0,0,0
H4CA16049,0.004608294930875576,2,0.041474654377880185,18,0.0013827717469110385,0.02039859519481061,"Lofgren, Zoe",0.00885002094679514,0.07205248267256398,453117,-22.5,475.617,498.117,149,DEM,CA,1,0.0,0.0,0.0,0.0,1,0
H6IA02146,0.041474654377880185,18,0.0,0,0.0026842234812088995,0.05426739736935407,"Loebsack, Dave",0.13291112083687323,0.0,471262,-35.7,506.962,542.662,132,DEM,IA,1,0.0,0.0,0.0,0.0,0,0
H4CA11081,0.12211981566820276,53,0.0,0,0.0042134243640469205,0.1263611777680447,"McNerney, Jerry",0.14370985884828913,0.0,2294152,-20.118,2314.27,2334.388,213,DEM,CA,1,0.0,0.0,0.0,0.0,0,0
H2ME02097,0.002304147465437788,1,0.03686635944700461,16,0.0008856579230611999,0.018601312020833434,"Michaud, Michael H.",0.06746129649047061,0.07053525222405677,537725,-11.0,548.725,559.725,164,DEM,ME,1,0.0,0.0,0.0,0.0,0,0
H6PA04110,0.10138248847926268,44,0.004608294930875576,2,0.006481315435820008,0.10645697976694403,"Altmire, Jason",0.1530683647050591,0.07713504190583986,1420577,-33.643,1454.22,1487.863,349,DEM,PA,1,0.0,0.0,0.0,0.0,0,0
H4NH02175,0.0944700460829493,41,0.0,0,0.004333681578600435,0.09841343540699934,"Hodes, Paul W.",0.1542449485997873,0.0,765431,-17.5,782.931,800.431,193,DEM,NH,1,0.0,0.0,0.0,0.0,0,0
H6MN01174,0.07373271889400922,32,0.009216589861751152,4,0.0033129862436245433,0.086170572278188,"Walz, Tim",0.1437159187963997,0.06078383486589224,894549,-10.8,905.349,916.149,201,DEM,MN,1,0.0,0.0,0.0,0.0,0,0
H6KY03124,0.059907834101382486,26,0.002304147465437788,1,0.0017331391898834066,0.06719936477220352,"Yarmuth, John ",0.11290322580645161,0.04486425906768237,603737,-35.75,639.487,675.237,143,DEM,KY,1,0.0,0.0,0.0,0.0,0,0
H8NY20056,0.0,0,0.08294930875576037,36,0.0008717652851550921,0.016321097464222955,"Lowey, Nita M.",0.0,0.11667318889960933,273258,-3.6,276.858,280.458,97,DEM,NY,1,0.0,0.0,0.0,0.0,0,0
H6NY24128,0.0967741935483871,42,0.006912442396313364,3,0.0036943286201087896,0.10168041437658662,"Arcuri, Michael A.",0.13645866908260956,0.009216589861751152,880042,-18.5,898.542,917.042,216,DEM,NY,1,0.0,0.0,0.0,0.0,0,0
H6PA10109,0.1152073732718894,50,0.002304147465437788,1,0.008647949668391958,0.12711874510831542,"Carney, Christopher P.",0.1672144931967589,0.044712176833554634,1639276,-30.95,1670.226,1701.176,251,DEM,PA,1,0.0,0.0,0.0,0.0,0,0
H6CT05124,0.08294930875576037,36,0.009216589861751152,4,0.0023409584041441766,0.09145529503004508,"Murphy, Chris",0.12200559297333491,0.009216589861751152,966548,-27.0,993.548,1020.548,204,DEM,CT,1,0.0,0.0,0.0,0.0,0,0
H6AZ08038,0.0944700460829493,41,0.006912442396313364,3,0.0027733190374918605,0.09403023155148331,"Giffords, Gabrielle",0.11236387918635708,0.056367915238882974,1177936,-14.0,1191.936,1205.936,269,DEM,AZ,1,0.0,0.0,0.0,0.0,0,0
H6AZ05067,0.09907834101382489,43,0.0,0,0.003017553214068567,0.10769678734429813,"Mitchell, Harry",0.13620262741591582,0.0,1408737,-9.5,1418.237,1427.737,203,DEM,AZ,1,0.0,0.0,0.0,0.0,0,0
H6NC11172,0.06682027649769585,29,0.006912442396313364,3,0.0017044769498776944,0.070453277097779,"Shuler, Heath",0.10963636234931018,0.0069124423963133645,800602,-53.625,854.227,907.852,203,DEM,NC,1,0.0,0.0,0.0,0.0,0,0
H8IN09032,0.10368663594470046,45,0.002304147465437788,1,0.004209074065832283,0.11378112261273825,"Hill, Baron P.",0.14189130660753266,0.0030721966205837174,1864897,-29.0,1893.897,1922.897,304,DEM,IN,1,0.0,0.0,0.0,0.0,0,0
H6OH18157,0.1175115207373272,51,0.004608294930875576,2,0.0032583088127550322,0.11501552584233742,"Space, Zack",0.1402873084076188,0.033907691943184104,1043184,-22.75,1065.934,1088.684,266,DEM,OH,1,0.0,0.0,0.0,0.0,0,0
H4OH19036,0.006912442396313364,3,0.002304147465437788,1,0.001172503863477253,0.023298544777858005,"LaTourette, Steven C.",0.0478553704360156,0.002304147465437788,797430,-19.5,816.93,836.43,217,REP,OH,1,0.0,0.0,0.0,0.0,0,0
H2IN06023,0.03225806451612903,14,0.0,0,0.005027185386603206,0.052465643659709835,"Burton, Dan",0.06428571428571428,0.0,299212,-2.882,302.094,304.976,92,REP,IN,1,0.0,0.0,0.0,0.0,0,0
H4GA08067,0.002304147465437788,1,0.03917050691244239,17,0.0008970049860983719,0.01832452815320141,"Westmoreland, Lynn",0.03818232651408518,0.06702974444909929,321667,-4.0,325.667,329.667,100,REP,GA,1,0.0,0.0,0.0,0.0,0,0
H2PA06114,0.06682027649769585,29,0.013824884792626727,6,0.005257008389560496,0.08868781515811486,"Gerlach, Jim",0.0786687589385031,0.07523746825919309,1098173,-24.75,1122.923,1147.673,298,REP,PA,1,0.0,0.0,0.0,0.0,0,0
H4WA08071,0.1152073732718894,50,0.002304147465437788,1,0.0606611698002989,0.13493921707436765,"Reichert, Dave",0.1003027206293504,0.0,1928439,-11.0,1939.439,1950.439,227,REP,WA,1,0.0,0.0,0.0,0.0,0,0
H6IL06117,0.05069124423963134,22,0.009216589861751152,4,0.0029723308067579053,0.06802277468765174,"Roskam, Peter J.",0.0693813920819557,0.010368663594470046,1002122,-19.382,1021.504,1040.886,284,REP,IL,1,0.0,0.0,0.0,0.0,0,0
H2NJ02037,0.006912442396313364,3,0.01152073732718894,5,0.0015880959581430713,0.033124718032787985,"Lo Biondo, Frank A. ",0.055813920714778954,0.056284518239701695,546706,-8.75,555.456,564.206,156,REP,NJ,1,0.0,0.0,0.0,0.0,0,0
H8CA52052,0.06221198156682028,27,0.02534562211981567,11,0.010545779755752204,0.0742436895256992,"Hunter, Duncan D.",0.0678481489729841,0.06702974444909929,336273,-2.5,338.773,341.273,124,REP,CA,1,0.0,0.0,0.0,0.0,0,1
H2WA04090,0.002304147465437788,1,0.029953917050691243,13,0.0008999013266191636,0.018116418185287482,"Inslee, Jay",0.0030721966205837174,0.07263669199153071,447935,-19.5,467.435,486.935,166,DEM,WA,1,0.0,0.0,0.0,0.0,0,0
H8MA05143,0.07603686635944701,33,0.01152073732718894,5,0.0038573104530308907,0.084714338937914,"Tsongas, Nicola S.",0.11702241480768202,0.07781765289615704,490443,-5.0,495.443,500.443,102,DEM,MA,1,0.0,0.0,0.0,0.0,0,0
H6WA09025,0.002304147465437788,1,0.03225806451612903,14,0.0008900130277170683,0.018377458747915763,"Smith, Adam",0.00754084625052367,0.054184629106585405,358863,-14.0,372.863,386.863,119,DEM,WA,1,0.0,0.0,0.0,0.0,0,0
H2CT02112,0.06682027649769585,29,0.027649769585253454,12,0.00183312270643552,0.07243273411802631,"Courtney, Joe",0.11399760279326697,0.04813902250327962,818935,-29.6,848.535,878.135,206,DEM,CT,1,0.0,0.0,0.0,0.0,0,0
H0GA08032,0.07142857142857142,31,0.0,0,0.0023284785982713133,0.07823278419154236,"Marshall, Jim",0.1292116960972228,0.0,892487,-6.75,899.237,905.987,234,DEM,GA,1,0.0,0.0,0.0,0.0,0,0
H6PA08194,0.11981566820276497,52,0.006912442396313364,3,0.008922210634646177,0.13396974684878876,"Murphy, Patrick J.",0.1823372509794115,0.04501737940579733,1147131,-14.7,1161.831,1176.531,232,DEM,PA,1,0.0,0.0,0.0,0.0,0,0
H2VA06115,0.0,0,0.009216589861751152,4,0.0008717652851550921,0.016321097464222955,"Goodlatte, R. W. ""Bob""",0.0,0.05770042565166919,597198,-13.25,610.448,623.698,208,REP,VA,1,0.0,0.0,0.0,0.0,0,1
H0MO06073,0.052995391705069124,23,0.002304147465437788,1,0.005892185106951652,0.06342098293556235,"Graves, Sam",0.05948827292110873,0.002304147465437788,1519906,-13.132,1533.038,1546.17,303,REP,MO,1,0.0,0.0,0.0,0.0,1,0
H0MA04036,0.020737327188940093,9,0.11981566820276497,52,0.00632338674826442,0.05352261164527892,"Frank, Barney",0.12714327230456263,0.10900902616445139,931213,-22.65,953.863,976.513,225,DEM,MA,1,0.0,0.0,0.0,0.0,1,1
H6IA03144,0.07142857142857142,31,0.0,0,0.002036386323490414,0.07838567566556334,"Boswell, Leonard L.",0.1240320205235403,0.0,1007094,-25.1,1032.194,1057.294,248,DEM,IA,1,0.0,0.0,0.0,0.0,0,0
H6PA07105,0.03225806451612903,14,0.002304147465437788,1,0.003068412893335327,0.0570392766037987,"Sestak, Joe",0.13043348637529067,0.04486425906768237,949961,-13.4,963.361,976.761,242,DEM,PA,1,0.0,0.0,0.0,0.0,0,0
H6NH01230,0.14055299539170507,61,0.0,0,0.00780698557267297,0.1715550876546313,"Shea-Porter, Carol",0.19390747501346578,0.0,2327989,-10.41,2338.399,2348.809,93,DEM,NH,1,0.0,0.0,0.0,0.0,0,0
H8TX06035,0.05529953917050691,24,0.016129032258064516,7,0.0022974620339278958,0.06770593952985726,"Edwards, Chet",0.11644309592249547,0.05092699677953134,1006127,-27.5,1033.627,1061.127,248,DEM,TX,1,0.0,0.0,0.0,0.0,0,0
H4GA12010,0.08064516129032258,35,0.0,0,0.003164031441483311,0.09491855709159605,"Barrow, John",0.1291353058044731,0.0,1115226,-36.0,1151.226,1187.226,310,DEM,GA,1,0.0,0.0,0.0,0.0,0,0
H6FL22040,0.06451612903225806,28,0.006912442396313364,3,0.0028122393409310102,0.07738088724426448,"Klein, Ron",0.11492592203425449,0.07827947872936865,1106101,-20.1,1126.201,1146.301,287,DEM,FL,1,0.0,0.0,0.0,0.0,0,0
H6CA42099,0.03225806451612903,14,0.004608294930875576,2,0.003541255927847434,0.0453571542289416,"Baca, Joe",0.07229970914859862,0.038287640539618625,548595,-10.8,559.395,570.195,155,DEM,CA,1,0.0,0.0,0.0,0.0,0,0
H0VA07042,0.0,0,0.02534562211981567,11,0.0008717652851550921,0.016321097464222955,"Cantor, Eric I.",0.0,0.06351895596948456,1893442,-67.254,1960.696,2027.95,434,REP,VA,1,0.0,0.0,0.0,0.0,1,0
H6FL13148,0.03917050691244239,17,0.0,0,0.003600623986340938,0.0653347880075092,"Buchanan, Vern",0.07049129110364757,0.0,607260,-9.0,616.26,625.26,165,REP,FL,1,0.0,0.0,0.0,0.0,0,0
H6NV02164,0.05069124423963134,22,0.0,0,0.005005277734150382,0.07720878734454592,"Heller, Dean",0.07611119369704178,0.0,891339,-11.5,902.839,914.339,185,REP,NV,1,0.0,0.0,0.0,0.0,0,0
H4MA03022,0.0,0,0.016129032258064516,7,0.0008717652851550921,0.016321097464222955,"McGovern, James P.",0.0,0.06338579253977915,282947,0.0,282.947,282.947,115,DEM,MA,1,0.0,0.0,0.0,0.0,0,0
H2IL05092,0.0,0,0.1336405529953917,58,0.0008717652851550921,0.016321097464222955,"Emanuel, Rahm",0.0,0.12343217792025646,1135138,-42.5,1177.638,1220.138,291,DEM,IL,1,0.0,0.0,0.0,0.0,0,1
H6NC08111,0.07373271889400922,32,0.0,0,0.0027738475103320915,0.08555440409254039,"Kissell, Larry",0.1351937190646868,0.0,1600777,-6.5,1607.277,1613.777,106,DEM,NC,1,0.0,0.0,0.0,0.0,0,0
H2IL08088,0.052995391705069124,23,0.0,0,0.0014078656690058669,0.060653067608048394,"Bean, Melissa",0.10636851250283298,0.0,1628334,-22.0,1650.334,1672.334,348,DEM,IL,1,0.0,0.0,0.0,0.0,0,0
H8OH16058,0.11059907834101382,48,0.006912442396313364,3,0.0063056631555478415,0.13547881247331492,"Boccieri, John A.",0.1571592786838135,0.03862398877276316,1653938,-14.514,1668.452,1682.966,166,DEM,OH,1,0.0,0.0,0.0,0.0,0,0
H4IN02101,0.10599078341013825,46,0.006912442396313364,3,0.00298802830016302,0.1060666668595596,"Donnelly, Joe",0.13832029435930412,0.007200460829493088,958182,-23.095,981.277,1004.372,235,DEM,IN,1,0.0,0.0,0.0,0.0,0,0
H8OH01068,0.08525345622119816,37,0.0,0,0.0026974376801494277,0.09175845530696365,"Driehaus, Steve",0.13144248966740502,0.0,2528523,-5.5,2534.023,2539.523,104,DEM,OH,1,0.0,0.0,0.0,0.0,0,0
H6IL17155,0.03456221198156682,15,0.006912442396313364,3,0.0015760397645486958,0.047116116012322774,"Hare, Phil",0.10469512778788169,0.05372746299755037,451614,-5.934,457.548,463.482,118,DEM,IL,1,0.0,0.0,0.0,0.0,0,0
H6NY19029,0.004608294930875576,2,0.2465437788018433,107,0.0010040038665071387,0.020374490893137767,"Rangel, Charles B.",0.008448540706605223,0.1928852422164775,2185626,-55.05,2240.676,2295.726,518,DEM,NY,1,0.0,0.0,0.0,0.0,1,1
H6OH15104,0.1152073732718894,50,0.0,0,0.0047528542379460595,0.1280815737674173,"Kilroy, Mary Jo",0.1554973243777798,0.0,2576710,-10.25,2586.96,2597.21,119,DEM,OH,1,0.0,0.0,0.0,0.0,0,0
H6NY29168,0.07142857142857142,31,0.0,0,0.003597429813110193,0.09037573832998136,"Massa, Eric J. J.",0.13903425412446735,0.0,1638644,-9.65,1648.294,1657.944,105,DEM,NY,1,0.0,0.0,0.0,0.0,0,0
H8CA37137,0.04608294930875576,20,0.006912442396313364,3,0.0026361264017668432,0.059066964760470235,"Richardson, Laura",0.08380583863305494,0.045719556900861755,780354,-44.14,824.494,868.634,150,DEM,CA,1,0.0,0.0,0.0,0.0,0,0
H6VT00160,0.006912442396313364,3,0.013824884792626727,6,0.0009529064214189704,0.021622766046321736,"Welch, Peter",0.009608785175017159,0.059067200081024965,252663,-9.797,262.46,272.257,83,DEM,VT,1,0.0,0.0,0.0,0.0,0,0
H6NJ12144,0.0,0,0.08986175115207373,39,0.0008717652851550921,0.016321097464222955,"Holt, Rush",0.0,0.10560675883256529,324419,-7.5,331.919,339.419,112,DEM,NJ,1,0.0,0.0,0.0,0.0,0,0
H8ME01120,0.018433179723502304,8,0.0,0,0.0011037059216704253,0.031323273194110136,"Pingree, Chellie",0.0614227813161798,0.0,244956,-0.5,245.456,245.956,65,DEM,ME,1,0.0,0.0,0.0,0.0,0,0
H0CA31087,0.002304147465437788,1,0.052995391705069124,23,0.0008797425697948335,0.018358546553477142,"Solis, Hilda L.",0.007373271889400922,0.08294930875576037,517890,-12.5,530.39,542.89,156,DEM,CA,1,0.0,0.0,0.0,0.0,0,0
H8NY09091,0.0,0,0.0576036866359447,25,0.0008717652851550921,0.016321097464222955,"Weiner, Anthony D.",0.0,0.099734403026825,184840,-25.5,210.34,235.84,81,DEM,NY,1,0.0,0.0,0.0,0.0,0,0
H2TX29030,0.0,0,0.029953917050691243,13,0.0008717652851550921,0.016321097464222955,"Green, Gene",0.0,0.07283353939530178,781839,-18.8,800.639,819.439,229,DEM,TX,1,0.0,0.0,0.0,0.0,0,1
H4NY07011,0.0,0,0.059907834101382486,26,0.0008717652851550921,0.016321097464222955,"Ackerman, Gary L.",0.0,0.09772936740678675,400198,-18.0,418.198,436.198,103,DEM,NY,1,0.0,0.0,0.0,0.0,0,0
H8NV01071,0.006912442396313364,3,0.08294930875576037,36,0.0010752344253572006,0.022175387736738546,"Berkley, Shelley",0.011152073732718894,0.15598214853797981,806826,-29.5,836.326,865.826,241,DEM,NV,1,0.0,0.0,0.0,0.0,0,0
H6NY25125,0.08986175115207373,39,0.002304147465437788,1,0.003142533081895914,0.0973743902704757,"Maffei, Daniel B.",0.13019283418640637,0.07921977276815985,1083560,-5.65,1089.21,1094.86,237,DEM,NY,1,0.0,0.0,0.0,0.0,0,0
H2GA11149,0.0,0,0.05069124423963134,22,0.0008717652851550921,0.016321097464222955,"Gingrey, Phil",0.0,0.07635106828655217,383020,-4.9,387.92,392.82,124,REP,GA,1,0.0,0.0,0.0,0.0,0,0
H4PA15087,0.029953917050691243,13,0.006912442396313364,3,0.0028935807110603475,0.05807433182530454,"Dent, Charles W.",0.06479170813111441,0.0069124423963133645,670476,-9.0,679.476,688.476,214,REP,PA,1,0.0,0.0,0.0,0.0,0,0
H0IL10120,0.041474654377880185,18,0.0,0,0.0045564453879716965,0.07762464901775555,"Kirk, Mark Steven",0.07694429123000551,0.0,2252610,-18.5,2271.11,2289.61,286,REP,IL,1,0.0,0.0,0.0,0.0,0,0
H2NY11017,0.05069124423963134,22,0.013824884792626727,6,0.0034685161453771813,0.061576629153546,"Towns, Edolphus",0.09200067291920763,0.06449922819510326,822201,-18.0,840.201,858.201,258,DEM,NY,1,0.0,0.0,0.0,0.0,1,0
H0MO01066,0.006912442396313364,3,0.009216589861751152,4,0.001154841933172153,0.02221184033313582,"Clay, Wm. Lacy",0.007965766951942068,0.10774243775034846,405094,-10.0,415.094,425.094,144,DEM,MO,1,0.0,0.0,0.0,0.0,0,0
H6WV04057,0.0,0,0.018433179723502304,8,0.0008717652851550921,0.016321097464222955,"Rahall, Nick Joe, II",0.0,0.04950375413538221,385555,-17.5,403.055,420.555,131,DEM,WV,1,0.0,0.0,0.0,0.0,1,1
H2IN05025,0.002304147465437788,1,0.002304147465437788,1,0.0009335269780845583,0.017953207210645254,"Buyer, Steve",0.002304147465437788,0.002304147465437788,546400,-2.0,548.4,550.4,171,REP,IN,1,0.0,0.0,0.0,0.0,1,1
H8CA22089,0.0,0,0.06451612903225806,28,0.0008717652851550921,0.016321097464222955,"Capps, Lois",0.0,0.08690659059322654,488907,-3.0,491.907,494.907,158,DEM,CA,1,0.0,0.0,0.0,0.0,0,0
H2PA06080,0.0,0,0.016129032258064516,7,0.0008717652851550921,0.016321097464222955,"Holden, Tim",0.0,0.06323664949850907,636569,-15.0,651.569,666.569,179,DEM,PA,1,0.0,0.0,0.0,0.0,0,0
H2ND00057,0.0,0,0.009216589861751152,4,0.0008717652851550921,0.016321097464222955,"Pomeroy, Earl",0.0,0.06735733342573022,1396671,-16.5,1413.171,1429.671,351,DEM,ND,1,0.0,0.0,0.0,0.0,0,0
H6NJ08118,0.0,0,0.004608294930875576,2,0.0008717652851550921,0.016321097464222955,"Pascrell, Bill, Jr.",0.0,0.05128926724592817,612016,-8.0,620.016,628.016,185,DEM,NJ,1,0.0,0.0,0.0,0.0,0,0
H8PA01153,0.01152073732718894,5,0.01152073732718894,5,0.01893304150104478,0.05190945221818403,"Brady, Robert A.",0.1511017475996408,0.060366554535005106,319674,-25.0,344.674,369.674,83,DEM,PA,1,0.0,0.0,0.0,0.0,1,1
H4GA06087,0.002304147465437788,1,0.05069124423963134,22,0.0008970049860983719,0.01832452815320141,"Price, Tom",0.038102613932636156,0.0862370981216482,754711,-1.5,756.211,757.711,195,REP,GA,1,0.0,0.0,0.0,0.0,0,0
H2AL06035,0.013824884792626727,6,0.04838709677419355,21,0.004865194805047917,0.037132350465599026,"Bachus, Spencer",0.06003668445306815,0.09575677778442755,855337,-44.0,899.337,943.337,203,REP,AL,1,0.0,0.0,0.0,0.0,1,1
H0CA48024,0.0,0,0.041474654377880185,18,0.0008717652851550921,0.016321097464222955,"Issa, Darrell",0.0,0.07172725721112817,432537,-7.0,439.537,446.537,172,REP,CA,1,0.0,0.0,0.0,0.0,1,0
H0IL16085,0.004608294930875576,2,0.016129032258064516,7,0.0014437910232758314,0.02138093053055627,"Manzullo, Donald A.",0.04608876786296141,0.06275125012256104,413524,-7.5,421.024,428.524,143,REP,IL,1,0.0,0.0,0.0,0.0,0,0
H4NC01046,0.002304147465437788,1,0.02304147465437788,10,0.0008797425697948335,0.018358546553477142,"Butterfield, G.K.",0.007373271889400922,0.06323664949850907,525839,-10.0,535.839,545.839,199,DEM,NC,1,0.0,0.0,0.0,0.0,0,0
H2FL19037,0.03917050691244239,17,0.03456221198156682,15,0.004606598608685826,0.0650215654034396,"Diaz-Balart, Lincoln",0.06861335366064931,0.0679564229437873,1217612,-5.5,1223.112,1228.612,184,REP,FL,1,0.0,0.0,0.0,0.0,0,0
H6VA10050,0.01152073732718894,5,0.002304147465437788,1,0.0017348715611785602,0.03696060106869803,"Wolf, Frank R.",0.0579401653134372,0.049651662554888364,427655,-14.0,441.655,455.655,130,REP,VA,1,0.0,0.0,0.0,0.0,0,0
H6OR02116,0.0,0,0.03225806451612903,14,0.0008717652851550921,0.016321097464222955,"Walden, Greg",0.0,0.06689164389706782,660581,-19.45,680.031,699.481,228,REP,OR,1,0.0,0.0,0.0,0.0,0,0
H4TX18054,0.002304147465437788,1,0.006912442396313364,3,0.0008797425697948335,0.018358546553477142,"Lee, Sheila Jackson",0.007373271889400922,0.0807539116131751,265452,-11.5,276.952,288.452,93,DEM,TX,1,0.0,0.0,0.0,0.0,0,0
H2PA02055,0.006912442396313364,3,0.02304147465437788,10,0.0011684666304918902,0.021989721929855502,"Fattah, Chaka",0.010580268973949028,0.0699884792626728,201087,-3.5,204.587,208.087,77,DEM,PA,1,0.0,0.0,0.0,0.0,0,0
H2OK04055,0.0,0,0.006912442396313364,3,0.0008717652851550921,0.016321097464222955,"Cole, Tom",0.0,0.035453289605500427,410350,-13.6,423.95,437.55,140,REP,OK,1,0.0,0.0,0.0,0.0,0,0
H2AZ02055,0.004608294930875576,2,0.04377880184331797,19,0.0008936352077009413,0.02063876111008762,"Pastor, Ed",0.06778531808744692,0.08972851813536474,534602,-7.0,541.602,548.602,152,DEM,AZ,1,0.0,0.0,0.0,0.0,0,0
H2TX05121,0.0,0,0.08294930875576037,36,0.0008717652851550921,0.016321097464222955,"Hensarling, Jeb",0.0,0.0842015628130635,531317,-8.537,539.854,548.391,161,REP,TX,1,0.0,0.0,0.0,0.0,0,0
H2WV01029,0.006912442396313364,3,0.004608294930875576,2,0.0011572269677785259,0.02264087238134334,"Mollohan, Alan B.",0.0175011650183814,0.051683800070896846,348106,-7.0,355.106,362.106,119,DEM,WV,1,0.0,0.0,0.0,0.0,0,0
H6NC02080,0.0,0,0.03225806451612903,14,0.0008717652851550921,0.016321097464222955,"Etheridge, Bob",0.0,0.053363695978297,600758,-4.5,605.258,609.758,184,DEM,NC,1,0.0,0.0,0.0,0.0,0,0
H8IL21021,0.004608294930875576,2,0.0576036866359447,25,0.0010348066617698935,0.019968593938065535,"Costello, Jerry F.",0.009216589861751152,0.08500948766603415,647801,-12.3,660.101,672.401,165,DEM,IL,1,0.0,0.0,0.0,0.0,0,0
H8CA37079,0.0,0,0.006912442396313364,3,0.0008717652851550921,0.016321097464222955,"Lewis, Jerry",0.0,0.05142010721339226,419299,-24.5,443.799,468.299,126,REP,CA,1,0.0,0.0,0.0,0.0,1,1
H8NC07044,0.002304147465437788,1,0.05529953917050691,24,0.0008900130277170683,0.018377458747915763,"McIntyre, Mike ",0.00754084625052367,0.07672811059907834,336320,-14.5,350.82,365.32,133,DEM,NC,1,0.0,0.0,0.0,0.0,0,0
H6PA12030,0.18663594470046083,81,0.004608294930875576,2,0.03374352212768178,0.2507683466373376,"Murtha, John P.",0.23679367828534312,0.05439213264288089,1897276,-38.5,1935.776,1974.276,230,DEM,PA,1,0.0,0.0,0.0,0.0,0,0
H0MN04049,0.002304147465437788,1,0.029953917050691243,13,0.015218226405816137,0.04139792820335122,"McCollum, Betty",0.14981850558180945,0.057473168478861074,361005,-15.0,376.005,391.005,105,DEM,MN,1,0.0,0.0,0.0,0.0,0,0
H2TX26093,0.002304147465437788,1,0.041474654377880185,18,0.0008970049860983719,0.01832452815320141,"Burgess, Michael C.",0.03818232651408518,0.07264307280197953,678919,-13.0,691.919,704.919,208,REP,TX,1,0.0,0.0,0.0,0.0,0,0
H2IL08039,0.002304147465437788,1,0.016129032258064516,7,0.0008797425697948335,0.018358546553477142,"Gutierrez, Luis V.",0.007373271889400922,0.09359488028005306,81428,-25.95,107.378,133.328,42,DEM,IL,1,0.0,0.0,0.0,0.0,0,0
H6CA02010,0.002304147465437788,1,0.052995391705069124,23,0.003894754883793009,0.02114579384017067,"Herger, Wally",0.04540087580530527,0.07336588944677534,627750,-8.6,636.35,644.95,227,REP,CA,1,0.0,0.0,0.0,0.0,0,0
H2MN07014,0.002304147465437788,1,0.0576036866359447,25,0.0015760116429708586,0.024938153625336003,"Peterson, Collin C.",0.1061120543293718,0.07736124437477195,799456,-11.063,810.519,821.582,217,DEM,MN,1,0.0,0.0,0.0,0.0,1,1
H6MI07108,0.002304147465437788,1,0.02304147465437788,10,0.0008831674438497627,0.017953207210645254,"Kildee, Dale E.",0.002304147465437788,0.06970046082949309,326662,-4.0,330.662,334.662,86,DEM,MI,1,0.0,0.0,0.0,0.0,0,0
H4PA13124,0.0,0,0.009216589861751152,4,0.0008717652851550921,0.016321097464222955,"Schwartz, Allyson",0.0,0.061359762641247394,998529,-27.65,1026.179,1053.829,274,DEM,PA,1,0.0,0.0,0.0,0.0,0,0
H8IL09067,0.0,0,0.09216589861751152,40,0.0008717652851550921,0.016321097464222955,"Schakowsky, Janice D.",0.0,0.09439853805815986,360700,-2.5,363.2,365.7,91,DEM,IL,1,0.0,0.0,0.0,0.0,0,0
H4TX19102,0.0,0,0.04838709677419355,21,0.0008717652851550921,0.016321097464222955,"Neugebauer, Randy",0.0,0.06544377281704471,482966,-15.5,498.466,513.966,164,REP,TX,1,0.0,0.0,0.0,0.0,0,0
H8MA08071,0.002304147465437788,1,0.006912442396313364,3,0.0008999013266191636,0.018116418185287482,"Capuano, Michael E.",0.0030721966205837174,0.060804470671643344,493134,-9.5,502.634,512.134,152,DEM,MA,1,0.0,0.0,0.0,0.0,0,0
H0SC01071,0.009216589861751152,4,0.002304147465437788,1,0.000985731875563246,0.023769659466809288,"Brown, Henry E., Jr.",0.04022326394406483,0.0030721966205837174,313207,-13.0,326.207,339.207,94,REP,SC,1,0.0,0.0,0.0,0.0,0,0
H6PA16197,0.0,0,0.002304147465437788,1,0.0008717652851550921,0.016321097464222955,"Pitts, Joseph R.",0.0,0.05022429076656919,401604,-8.35,409.954,418.304,151,REP,PA,1,0.0,0.0,0.0,0.0,0,0
H2MI17023,0.0,0,0.041474654377880185,18,0.0008717652851550921,0.016321097464222955,"Levin, Sander",0.0,0.07927898535948778,525108,-23.0,548.108,571.108,160,DEM,MI,1,0.0,0.0,0.0,0.0,1,0
H8MI09068,0.06221198156682028,27,0.0,0,0.0020139347594954273,0.07086419515371482,"Peters, Gary",0.1211770320702902,0.0,1537095,-2.5,1539.595,1542.095,135,DEM,MI,1,0.0,0.0,0.0,0.0,0,0
H8MI07096,0.0576036866359447,25,0.002304147465437788,1,0.0018112544187100584,0.06547725385853269,"Schauer, Mark",0.11363046075528542,0.07580512739022194,2883504,-14.859,2898.363,2913.222,142,DEM,MI,1,0.0,0.0,0.0,0.0,0,0
H2CA01045,0.0,0,0.04838709677419355,21,0.0008717652851550921,0.016321097464222955,"Woolsey, Lynn",0.0,0.08859409720668725,283788,-9.0,292.788,301.788,77,DEM,CA,1,0.0,0.0,0.0,0.0,0,0
H2NJ05014,0.0,0,0.002304147465437788,1,0.0008717652851550921,0.016321097464222955,"Frelinghuysen, Rodney",0.0,0.05022429076656919,379026,-15.0,394.026,409.026,103,REP,NJ,1,0.0,0.0,0.0,0.0,0,0
H6MD07160,0.006912442396313364,3,0.02304147465437788,10,0.0009295175972792542,0.022252653711917106,"Cummings, Elijah",0.012561320053515682,0.056678211256452095,485862,-16.676,502.538,519.214,144,DEM,MD,1,0.0,0.0,0.0,0.0,0,0
H0TX07055,0.04608294930875576,20,0.004608294930875576,2,0.003112724776180356,0.061764362673623764,"Culberson, John",0.06145169048394855,0.04998828399593845,524831,-7.0,531.831,538.831,152,REP,TX,1,0.0,0.0,0.0,0.0,0,0
H8NY07046,0.0,0,0.020737327188940093,9,0.0008717652851550921,0.016321097464222955,"Crowley, Joseph",0.0,0.09169033329761012,1239033,-38.608,1277.641,1316.249,336,DEM,NY,1,0.0,0.0,0.0,0.0,0,0
H6OR04047,0.002304147465437788,1,0.027649769585253454,12,0.0009382364644853073,0.01813455273802549,"DeFazio, Peter A.",0.0,0.0630882066593107,445714,-16.0,461.714,477.714,140,DEM,OR,1,0.0,0.0,0.0,0.0,0,0
H0VA08040,0.0,0,0.018433179723502304,8,0.0008717652851550921,0.016321097464222955,"Moran, James P. ""Jim,"" Jr.",0.0,0.06250133962061945,499999,-13.5,513.499,526.999,129,DEM,VA,1,0.0,0.0,0.0,0.0,0,0
H6TN09068,0.029953917050691243,13,0.006912442396313364,3,0.0015411489685396925,0.04461686597764717,"Cohen, Steve",0.1061120543293718,0.04532677720240075,415225,-21.0,436.225,457.225,143,DEM,TN,1,0.0,0.0,0.0,0.0,0,0
H2OH09031,0.0,0,0.04377880184331797,19,0.0008717652851550921,0.016321097464222955,"Kaptur, Marcy",0.0,0.07109940750493746,299135,-1.0,300.135,301.135,101,DEM,OH,1,0.0,0.0,0.0,0.0,0,0
H2LA05084,0.0,0,0.006912442396313364,3,0.0008717652851550921,0.016321097464222955,"Alexander, Rodney",0.0,0.057652711050102945,226537,-7.5,234.037,241.537,90,REP,LA,1,0.0,0.0,0.0,0.0,0,0
H0AR04038,0.0,0,0.004608294930875576,2,0.0008717652851550921,0.016321097464222955,"Ross, Mike",0.0,0.005184331797235023,1095028,-34.7,1129.728,1164.428,315,DEM,AR,1,0.0,0.0,0.0,0.0,0,0
H2PA18143,0.020737327188940093,9,0.002304147465437788,1,0.0016938561217191726,0.03676326796474384,"Murphy, Tim",0.05480826448568384,0.04915514592933948,927891,-8.65,936.541,945.191,255,REP,PA,1,0.0,0.0,0.0,0.0,0,0
H2IL20042,0.002304147465437788,1,0.018433179723502304,8,0.00113287938619803,0.02282323659870659,"Shimkus, John M.",0.05199758425564878,0.04415132867904744,818241,-17.3,835.541,852.841,298,REP,IL,1,0.0,0.0,0.0,0.0,0,0
H2AL03032,0.016129032258064516,7,0.009216589861751152,4,0.0023475060162595806,0.04085281301002518,"Rogers, Mike",0.06337205581157195,0.060436654831155096,495894,-18.35,514.244,532.594,161,REP,AL,1,0.0,0.0,0.0,0.0,0,0
H4TX02108,0.002304147465437788,1,0.006912442396313364,3,0.00113287938619803,0.02282323659870659,"Poe, Ted",0.051556926761956834,0.05441529069668577,237789,-11.7,249.489,261.189,103,REP,TX,1,0.0,0.0,0.0,0.0,0,0
H2FL25018,0.0576036866359447,25,0.03686635944700461,16,0.0057026033015102045,0.08449019047077078,"Diaz-Balart, Mario",0.07419167509647447,0.06642587287748578,1267642,-19.5,1287.142,1306.642,196,REP,FL,1,0.0,0.0,0.0,0.0,0,0
H0CT03072,0.002304147465437788,1,0.08986175115207373,39,0.0008944846784915623,0.01850374855969155,"DeLauro, Rosa L.",0.008361825479411328,0.10176794065749577,674296,-17.0,691.296,708.296,193,DEM,CT,1,0.0,0.0,0.0,0.0,0,0
H6FL00046,0.002304147465437788,1,0.04377880184331797,19,0.0016577187880354477,0.02572412036822354,"Boyd, Allen",0.08798568095889309,0.069604707999465,908370,-17.5,925.87,943.37,258,DEM,FL,1,0.0,0.0,0.0,0.0,0,0
H0UT02096,0.027649769585253454,12,0.002304147465437788,1,0.0013057327757809206,0.03865258994091178,"Matheson, Jim",0.07666302028936726,0.002304147465437788,1299611,-37.152,1336.763,1373.915,337,DEM,UT,1,0.0,0.0,0.0,0.0,0,0
H4LA03028,0.002304147465437788,1,0.06912442396313365,30,0.0009459436335044755,0.018893509416469757,"Melancon, ""Charlie""",0.07267200425235042,0.07713504190583986,806828,-26.0,832.828,858.828,272,DEM,LA,1,0.0,0.0,0.0,0.0,0,0
H6OH06095,0.002304147465437788,1,0.02304147465437788,10,0.0009459436335044755,0.018893509416469757,"Wilson, Charlie",0.07274692384436315,0.048942828073835314,516140,-16.2,532.34,548.54,154,DEM,OH,1,0.0,0.0,0.0,0.0,0,0
H6MI01028,0.004608294930875576,2,0.03456221198156682,15,0.0009865886597381298,0.020194401208790975,"Conyers, John, Jr.",0.00754084625052367,0.08269408011343496,592218,-53.65,645.868,699.518,188,DEM,MI,1,0.0,0.0,0.0,0.0,1,1
H8IN02060,0.004608294930875576,2,0.004608294930875576,2,0.0009664665476469402,0.019585316957067545,"Pence, Mike",0.004608294930875576,0.054972769166317555,484691,-6.2,490.891,497.091,157,REP,IN,1,0.0,0.0,0.0,0.0,1,0
H4CA17021,0.0,0,0.018433179723502304,8,0.0008717652851550921,0.016321097464222955,"Farr, Sam",0.0,0.04833736697278122,408474,-8.5,416.974,425.474,154,DEM,CA,1,0.0,0.0,0.0,0.0,0,0
H2TN03052,0.0,0,0.020737327188940093,9,0.0008717652851550921,0.016321097464222955,"Wamp, Zach",0.0,0.05049088359046283,332444,-5.779,338.223,344.002,110,REP,TN,1,0.0,0.0,0.0,0.0,0,0
H4FL14059,0.002304147465437788,1,0.006912442396313364,3,0.0011413955186860235,0.018132739282751702,"Mack, Connie",0.0034562211981566822,0.0069124423963133645,296700,-8.135,304.835,312.97,117,REP,FL,1,0.0,0.0,0.0,0.0,0,0
H4OK02089,0.002304147465437788,1,0.009216589861751152,4,0.0008900130277170683,0.018377458747915763,"Boren, Dan",0.00754084625052367,0.06856014295118969,799866,-21.25,821.116,842.366,250,DEM,OK,1,0.0,0.0,0.0,0.0,0,0
H8CA12098,0.0,0,0.04377880184331797,19,0.0008717652851550921,0.016321097464222955,"Eshoo, Anna G.",0.0,0.0842325416518965,763749,-22.0,785.749,807.749,235,DEM,CA,1,0.0,0.0,0.0,0.0,0,0
H4PA18131,0.0,0,0.02534562211981567,11,0.0008717652851550921,0.016321097464222955,"Doyle, Mike",0.0,0.06549180870063723,548032,-10.8,558.832,569.632,159,DEM,PA,1,0.0,0.0,0.0,0.0,0,0
H2MI01068,0.002304147465437788,1,0.002304147465437788,1,0.0009391416774417825,0.017953207210645254,"Stupak, Bart",0.002304147465437788,0.04532137611613214,791929,-10.0,801.929,811.929,217,DEM,MI,1,0.0,0.0,0.0,0.0,0,0
H6FL09070,0.002304147465437788,1,0.004608294930875576,2,0.0009458793166704515,0.017953207210645254,"Bilirakis, Gus Michael",0.002304147465437788,0.05072990443200445,305291,-4.0,309.291,313.291,110,REP,FL,1,0.0,0.0,0.0,0.0,0,0
H2MA11060,0.0,0,0.041474654377880185,18,0.0008717652851550921,0.016321097464222955,"Delahunt, William D.",0.0,0.08248575246093857,124322,-20.5,144.822,165.322,44,DEM,MA,1,0.0,0.0,0.0,0.0,0,0
H2GA01157,0.0,0,0.004608294930875576,2,0.0008717652851550921,0.016321097464222955,"Kingston, Jack",0.0,0.050900712191034765,377497,-7.5,384.997,392.497,141,REP,GA,1,0.0,0.0,0.0,0.0,0,0
H8CT01046,0.0,0,0.11059907834101382,48,0.0008717652851550921,0.016321097464222955,"Larson, John B.",0.0,0.0923184911648915,777954,-46.8,824.754,871.554,219,DEM,CT,1,0.0,0.0,0.0,0.0,1,0
H4TN06051,0.01152073732718894,5,0.013824884792626727,6,0.0012004630874391017,0.025050140752591377,"Davis, Lincoln",0.013919575784357046,0.04570213027857489,703504,-10.5,714.004,724.504,183,DEM,TN,1,0.0,0.0,0.0,0.0,0,0
H4NC10047,0.002304147465437788,1,0.004608294930875576,2,0.0009335269780845583,0.017953207210645254,"McHenry, Patrick",0.002304147465437788,0.009822944457918991,642755,-19.5,662.255,681.755,163,REP,NC,1,0.0,0.0,0.0,0.0,0,0
H0FL12051,0.002304147465437788,1,0.009216589861751152,4,0.0012685902489317016,0.018116418185287482,"Putnam, Adam H.",0.0030721966205837174,0.01228878648233487,912291,-28.0,940.291,968.291,283,REP,FL,1,0.0,0.0,0.0,0.0,0,1
H0CA15148,0.0,0,0.09216589861751152,40,0.0008717652851550921,0.016321097464222955,"Honda, Mike",0.0,0.10176794065749577,363198,-9.5,372.698,382.198,134,DEM,CA,1,0.0,0.0,0.0,0.0,0,0
H2TX03118,0.002304147465437788,1,0.04377880184331797,19,0.0009416598416134056,0.01832452815320141,"Johnson, Sam",0.03826237332019438,0.06612799900808002,591367,-23.5,614.867,638.367,223,REP,TX,1,0.0,0.0,0.0,0.0,0,0
H2CA19054,0.0,0,0.016129032258064516,7,0.0008717652851550921,0.016321097464222955,"Radanovich, George P.",0.0,0.05890907816579348,323505,-3.0,326.505,329.505,126,REP,CA,1,0.0,0.0,0.0,0.0,0,0
H4NY27076,0.002304147465437788,1,0.04838709677419355,21,0.004414981082603288,0.026428252132505575,"Higgins, Brian",0.11272286921570648,0.07537195523370638,358756,-9.12,367.876,376.996,102,DEM,NY,1,0.0,0.0,0.0,0.0,0,0
H2NY01067,0.002304147465437788,1,0.027649769585253454,12,0.0008942240825839888,0.017953207210645254,"Bishop, Timothy H.",0.002304147465437788,0.07656859269762496,474904,-10.0,484.904,494.904,131,DEM,NY,1,0.0,0.0,0.0,0.0,0,0
H0CA27085,0.0,0,0.009216589861751152,4,0.0008717652851550921,0.016321097464222955,"Schiff, Adam B.",0.0,0.050708634031823324,439471,-6.0,445.471,451.471,160,DEM,CA,1,0.0,0.0,0.0,0.0,0,0
H6CA22125,0.002304147465437788,1,0.08294930875576037,36,0.0010687442193557499,0.02003432528501341,"McCarthy, Kevin",0.046559061412583466,0.11343495214462958,481765,-9.247,491.012,500.259,173,REP,CA,1,0.0,0.0,0.0,0.0,0,0
H0FL18025,0.002304147465437788,1,0.01152073732718894,5,0.0008950175023316488,0.0185248707537107,"Ros-Lehtinen, Ileana",0.038504540239942445,0.05650016773487296,461009,-16.0,477.009,493.009,149,REP,FL,1,0.0,0.0,0.0,0.0,1,1
H0AL07060,0.004608294930875576,2,0.03225806451612903,14,0.0009244328286876064,0.020422422651907038,"Davis, Artur",0.058462730844268646,0.06869839669738863,1049916,-18.705,1068.621,1087.326,299,DEM,AL,1,0.0,0.0,0.0,0.0,0,0
H2CA26026,0.0,0,0.07834101382488479,34,0.0008717652851550921,0.016321097464222955,"Berman, Howard L.",0.0,0.11134135403457768,455890,-21.1,476.99,498.09,132,DEM,CA,1,0.0,0.0,0.0,0.0,1,1
H2PA09035,0.0,0,0.006912442396313364,3,0.0008717652851550921,0.016321097464222955,"Shuster, Bill",0.0,0.009216589861751152,433450,-11.5,444.95,456.45,160,REP,PA,1,0.0,0.0,0.0,0.0,0,0
H8FL16022,0.04838709677419355,21,0.002304147465437788,1,0.019223413805609078,0.06402206892784525,"Rooney, Tom",0.06414119379379926,0.0,546408,-1.0,547.408,548.408,116,REP,FL,1,0.0,0.0,0.0,0.0,0,0
H4TX10028,0.0,0,0.03225806451612903,14,0.0008717652851550921,0.016321097464222955,"Doggett, Lloyd",0.0,0.07486232879349962,441391,-15.002,456.393,471.395,138,DEM,TX,1,0.0,0.0,0.0,0.0,0,0
H6MI16034,0.0,0,0.1497695852534562,65,0.0008717652851550921,0.016321097464222955,"Dingell, John D.",0.0,0.138484882544678,1952549,-41.0,1993.549,2034.549,446,DEM,MI,1,0.0,0.0,0.0,0.0,0,1
H2CA18056,0.002304147465437788,1,0.0944700460829493,41,0.0008797425697948335,0.018358546553477142,"Cardoza, Dennis A.",0.007373271889400922,0.10212014720021219,565232,-29.5,594.732,624.232,184,DEM,CA,1,0.0,0.0,0.0,0.0,0,0
H6CA46033,0.002304147465437788,1,0.01152073732718894,5,0.0008900130277170683,0.018377458747915763,"Sanchez, Loretta",0.007148765213281343,0.12562819588364696,550831,-13.0,563.831,576.831,152,DEM,CA,1,0.0,0.0,0.0,0.0,0,0
H6CO01141,0.0,0,0.10599078341013825,46,0.0008717652851550921,0.016321097464222955,"DeGette, Diana",0.0,0.09844533346837495,483199,-13.5,496.699,510.199,153,DEM,CO,1,0.0,0.0,0.0,0.0,0,0
H6CO07023,0.009216589861751152,4,0.06682027649769585,29,0.0010672275173947083,0.023688792619702814,"Perlmutter, Ed",0.0590498042920772,0.09806759974645812,724289,-32.5,756.789,789.289,191,DEM,CO,1,0.0,0.0,0.0,0.0,0,0
H8CA34068,0.002304147465437788,1,0.01152073732718894,5,0.0008797425697948335,0.018358546553477142,"Napolitano, Grace F.",0.007373271889400922,0.05099729798266861,230985,-5.0,235.985,240.985,89,DEM,CA,1,0.0,0.0,0.0,0.0,0,0
H4NE01064,0.006912442396313364,3,0.0,0,0.0009901517597332421,0.02253173213166761,"Fortenberry, Jeff",0.03920923207992874,0.0,149080,-6.5,155.58,162.08,49,REP,NE,1,0.0,0.0,0.0,0.0,0,0
H2OH17109,0.004608294930875576,2,0.04377880184331797,19,0.0009869343708989139,0.0197909530853924,"Ryan, Tim",0.007336890613630852,0.12922050540646365,590402,-23.0,613.402,636.402,176,DEM,OH,1,0.0,0.0,0.0,0.0,0,0
H6CA24048,0.002304147465437788,1,0.0967741935483871,42,0.0008886514538264372,0.018116418185287482,"Waxman, Henry A.",0.0030721966205837174,0.08697597422934097,685795,0.0,685.795,685.795,195,DEM,CA,1,0.0,0.0,0.0,0.0,1,1
H4RI01034,0.0,0,0.01152073732718894,5,0.0008717652851550921,0.016321097464222955,"Kennedy, Patrick J.",0.0,0.04931298355388323,424071,-19.0,443.071,462.071,126,DEM,RI,1,0.0,0.0,0.0,0.0,0,0
H2MD02160,0.0,0,0.03686635944700461,16,0.0008717652851550921,0.016321097464222955,"Ruppersberger, C. A. Dutch",0.0,0.044422439730357616,511255,-11.0,522.255,533.255,136,DEM,MD,1,0.0,0.0,0.0,0.0,0,0
H0RI02139,0.03225806451612903,14,0.004608294930875576,2,0.004226116868375627,0.044522620837511,"Langevin, James R.",0.09612068701025361,0.002304147465437788,356371,-4.5,360.871,365.371,103,DEM,RI,1,0.0,0.0,0.0,0.0,0,0
H2CA30143,0.002304147465437788,1,0.12672811059907835,55,0.0008797425697948335,0.018358546553477142,"Becerra, Xavier",0.007148765213281343,0.10324144818375426,985550,-24.0,1009.55,1033.55,279,DEM,CA,1,0.0,0.0,0.0,0.0,0,0
H2CA27107,0.0,0,0.12211981566820276,53,0.0008717652851550921,0.016321097464222955,"Harman, Jane",0.0,0.09953917050691245,332053,-16.5,348.553,365.053,116,DEM,CA,1,0.0,0.0,0.0,0.0,0,0
H2FL17056,0.002304147465437788,1,0.018433179723502304,8,0.0008900130277170683,0.018377458747915763,"Meek, Kendrick B.",0.007336890613630852,0.11561834694262539,931351,-27.186,958.537,985.723,299,DEM,FL,1,0.0,0.0,0.0,0.0,0,0
H2AL01077,0.002304147465437788,1,0.029953917050691243,13,0.0011188120568729567,0.017953207210645254,"Bonner, Jo",0.002304147465437788,0.06841927538534881,356733,-5.25,361.983,367.233,117,REP,AL,1,0.0,0.0,0.0,0.0,1,0
H6CA07043,0.002304147465437788,1,0.013824884792626727,6,0.0016284201232937563,0.018158843338970106,"Miller, George",0.006831595116824318,0.0427076069217884,596709,-18.54,615.249,633.789,162,DEM,CA,1,0.0,0.0,0.0,0.0,1,1
H2NY14037,0.002304147465437788,1,0.01152073732718894,5,0.0009705869564638073,0.019310092511578836,"Maloney, Carolyn B.",0.07991451430241478,0.061780291175169165,708631,-15.8,724.431,740.231,203,DEM,NY,1,0.0,0.0,0.0,0.0,0,0
H2MD05155,0.0,0,0.1497695852534562,65,0.0008717652851550921,0.016321097464222955,"Hoyer, Steny H.",0.0,0.13506180283388602,2292080,-125.1,2417.18,2542.28,505,DEM,MD,1,0.0,0.0,0.0,0.0,1,1
H2OH03067,0.0,0,0.009216589861751152,4,0.0008717652851550921,0.016321097464222955,"Turner, Michael R.",0.0,0.056832750077959876,321989,-12.5,334.489,346.989,96,REP,OH,1,0.0,0.0,0.0,0.0,0,0
H0NJ01066,0.002304147465437788,1,0.013824884792626727,6,0.0008900130277170683,0.018377458747915763,"Andrews, Robert E. #",0.00754084625052367,0.05367760007228698,712316,-24.0,736.316,760.316,211,DEM,NJ,1,0.0,0.0,0.0,0.0,0,0
H8OH05036,0.03456221198156682,15,0.006912442396313364,3,0.003796057437174,0.05374533531379917,"Latta, Bob",0.065254637835283,0.004608294930875576,918836,-20.0,938.836,958.836,171,REP,OH,1,0.0,0.0,0.0,0.0,0,0
H2MA01020,0.002304147465437788,1,0.03686635944700461,16,0.0008944846784915623,0.01850374855969155,"Olver, John W.",0.008361825479411328,0.08144113950565564,394074,-8.0,402.074,410.074,118,DEM,MA,1,0.0,0.0,0.0,0.0,0,0
H6OK05160,0.0,0,0.01152073732718894,5,0.0008717652851550921,0.016321097464222955,"Fallin, Mary",0.0,0.05704721328580123,246609,-2.5,249.109,251.609,90,REP,OK,1,0.0,0.0,0.0,0.0,0,0
H2TX03126,0.0,0,0.02304147465437788,10,0.0008717652851550921,0.016321097464222955,"Sessions, Pete",0.0,0.051472051686390984,734707,-15.1,749.807,764.907,240,REP,TX,1,0.0,0.0,0.0,0.0,0,0
H4AZ04016,0.04608294930875576,20,0.002304147465437788,1,0.004260347507533959,0.058607331849824036,"Shadegg, John",0.06555451127819548,0.002304147465437788,2010001,-28.4,2038.401,2066.801,263,REP,AZ,1,0.0,0.0,0.0,0.0,0,0
H8FL24026,0.06912442396313365,30,0.0,0,0.0025859464444463005,0.07588241071970736,"Kosmas, Suzanne M.",0.12297552971839944,0.0,1085313,-4.5,1089.813,1094.313,116,DEM,FL,1,0.0,0.0,0.0,0.0,0,0
H0GA04023,0.0,0,0.002304147465437788,1,0.0008717652851550921,0.016321097464222955,"Linder, John",0.0,0.002304147465437788,212163,-12.0,224.163,236.163,80,REP,GA,1,0.0,0.0,0.0,0.0,0,0
H8CA01109,0.0,0,0.004608294930875576,2,0.0008717652851550921,0.016321097464222955,"Thompson, Mike",0.0,0.061080854629241725,815859,-26.502,842.361,868.863,237,DEM,CA,1,0.0,0.0,0.0,0.0,0,0
H4IL03077,0.01152073732718894,5,0.03225806451612903,14,0.0016272526120137715,0.029889953223195487,"Lipinski, Daniel William",0.09924685812803412,0.06712515097149423,399991,-4.05,404.041,408.091,117,DEM,IL,1,0.0,0.0,0.0,0.0,0,0
H2VA09010,0.0,0,0.018433179723502304,8,0.0008717652851550921,0.016321097464222955,"Boucher, Rick C.",0.0,0.05587437845502362,1208509,-32.3,1240.809,1273.109,364,DEM,VA,1,0.0,0.0,0.0,0.0,0,0
H8VA01147,0.027649769585253454,12,0.0,0,0.0020723029597079787,0.04545430440173239,"Wittman, Robert J. ""Rob""",0.06588616266035621,0.0,596675,-19.0,615.675,634.675,148,REP,VA,1,0.0,0.0,0.0,0.0,0,0
H4WI04183,0.004608294930875576,2,0.01152073732718894,5,0.0009065495674072054,0.020247897466580397,"Moore, Gwendolynne",0.06277981862013546,0.0394912939098761,386763,-9.5,396.263,405.763,106,DEM,WI,1,0.0,0.0,0.0,0.0,0,0
H0NJ10026,0.020737327188940093,9,0.03456221198156682,15,0.0013022974668152121,0.033493860788129964,"Payne, Donald M. ",0.06938497161163447,0.06905807416700846,378814,-8.5,387.314,395.814,115,DEM,NJ,1,0.0,0.0,0.0,0.0,0,0
H8KS03049,0.013824884792626727,6,0.0,0,0.001080350753849693,0.027439226349012545,"Moore, Dennis ",0.07434715821812596,0.0,934629,-23.0,957.629,980.629,247,DEM,KS,1,0.0,0.0,0.0,0.0,0,0
H8CO04067,0.11981566820276497,52,0.0,0,0.006107321299841371,0.1492295522435992,"Markey, Betsy",0.19062165433133177,0.0,2041563,-7.614,2049.177,2056.791,126,DEM,CO,1,0.0,0.0,0.0,0.0,0,0
H2NY26080,0.0,0,0.01152073732718894,5,0.0008717652851550921,0.016321097464222955,"Hinchey, Maurice D.",0.0,0.07356249164062595,237510,-10.2,247.71,257.91,86,DEM,NY,1,0.0,0.0,0.0,0.0,0,0
H2CA50034,0.004608294930875576,2,0.0,0,0.0009692769414518698,0.02033960321500538,"Filner, Bob",0.009362884938921805,0.0,427006,-6.0,433.006,439.006,132,DEM,CA,1,0.0,0.0,0.0,0.0,1,1
H6MN06074,0.04377880184331797,19,0.0,0,0.002784132271159699,0.05806793130432694,"Bachmann, Michele",0.06579532814238043,0.0,1502372,-19.462,1521.834,1541.296,226,REP,MN,1,0.0,0.0,0.0,0.0,0,0
H8GA10049,0.02304147465437788,10,0.0,0,0.003072570939565242,0.03484238083515973,"Broun, Paul",0.05039355076864454,0.0,296916,-8.0,304.916,312.916,84,REP,GA,1,0.0,0.0,0.0,0.0,0,0
H8NJ05052,0.03456221198156682,15,0.002304147465437788,1,0.0024862892922863523,0.04679184054738014,"Garrett, Scott",0.05633071627695284,0.06328988746266885,540477,-4.0,544.477,548.477,162,REP,NJ,1,0.0,0.0,0.0,0.0,0,0
H8NJ03156,0.0944700460829493,41,0.0,0,0.002956679777254394,0.10110612037122875,"Adler, John ",0.13196825584040303,0.0,3007517,-37.939,3045.456,3083.395,207,DEM,NJ,1,0.0,0.0,0.0,0.0,0,0
H6WA03135,0.0,0,0.07603686635944701,33,0.0008717652851550921,0.016321097464222955,"Baird, Brian",0.0,0.09680619559651818,396093,-13.0,409.093,422.093,121,DEM,WA,1,0.0,0.0,0.0,0.0,0,0
H4MA06033,0.002304147465437788,1,0.03917050691244239,17,0.0009129397471080694,0.017953207210645254,"Tierney, John F.",0.002304147465437788,0.0914135239349196,223988,-6.0,229.988,235.988,69,DEM,MA,1,0.0,0.0,0.0,0.0,0,0
H2UT01094,0.0,0,0.01152073732718894,5,0.0008717652851550921,0.016321097464222955,"Bishop, Rob",0.0,0.05267425616981647,160949,-1.0,161.949,162.949,54,REP,UT,1,0.0,0.0,0.0,0.0,0,0
H0PA11050,0.03225806451612903,14,0.006912442396313364,3,0.0020073616328463704,0.04355561028391578,"Kanjorski, Paul E.",0.09035149312296063,0.06022873135113523,4279021,-21.5,4300.521,4322.021,262,DEM,PA,1,0.0,0.0,0.0,0.0,0,0
H8NM01224,0.07142857142857142,31,0.0,0,0.002189588295420503,0.07871122254292909,"Heinrich, Martin T. ",0.11931675362760406,0.0,1574086,-19.5,1593.586,1613.086,127,DEM,NM,1,0.0,0.0,0.0,0.0,0,0
H2SD00092,0.018433179723502304,8,0.02304147465437788,10,0.0012777221848259835,0.0345854871354839,"Sandlin, Stephanie Herseth",0.1049224359661344,0.02211981566820277,722737,-10.5,733.237,743.737,236,DEM,SD,1,0.0,0.0,0.0,0.0,0,0
H6CA48039,0.0,0,0.004608294930875576,2,0.0008717652851550921,0.016321097464222955,"Campbell, John",0.0,0.004608294930875576,348103,-17.0,365.103,382.103,113,REP,CA,1,0.0,0.0,0.0,0.0,0,0
H4CA49032,0.009216589861751152,4,0.0,0,0.0014014633843532716,0.02342119999297759,"Bilbray, Brian",0.04016977928692699,0.0,387100,-12.3,399.4,411.7,122,REP,CA,1,0.0,0.0,0.0,0.0,0,0
H6IA01098,0.002304147465437788,1,0.10829493087557604,47,0.0009335269780845583,0.017953207210645254,"Braley, Bruce",0.002304147465437788,0.11954400016098848,616480,-7.5,623.98,631.48,139,DEM,IA,1,0.0,0.0,0.0,0.0,0,0
H2SC02059,0.006912442396313364,3,0.004608294930875576,2,0.0018714359680270217,0.022323622163753682,"Wilson, Joe",0.03933437946925155,0.0505018622561707,336522,-21.0,357.522,378.522,128,REP,SC,1,0.0,0.0,0.0,0.0,0,0
H4WA05077,0.0,0,0.013824884792626727,6,0.0008717652851550921,0.016321097464222955,"Rodgers, Cathy McMorris",0.0,0.06630487509095319,591392,-11.3,602.692,613.992,183,REP,WA,1,0.0,0.0,0.0,0.0,0,0
H2SC02042,0.006912442396313364,3,0.1543778801843318,67,0.001094838201557269,0.022802145935965978,"Clyburn, James E. ""Jim""",0.0805531006039181,0.1570249067368883,2038562,-29.7,2068.262,2097.962,468,DEM,SC,1,0.0,0.0,0.0,0.0,1,1
H4IN01012,0.002304147465437788,1,0.05069124423963134,22,0.001019993348185811,0.017953207210645254,"Visclosky, Peter J.",0.002304147465437788,0.08554867511520739,613428,-21.0,634.428,655.428,148,DEM,IN,1,0.0,0.0,0.0,0.0,0,0
H2TX23082,0.006912442396313364,3,0.09216589861751152,40,0.001068937583644085,0.021826510955213273,"Cuellar, Henry",0.009608785175017159,0.12451649917642924,503214,-9.6,512.814,522.414,168,DEM,TX,1,0.0,0.0,0.0,0.0,0,0
H6MO04141,0.004608294930875576,2,0.14055299539170507,61,0.0013092731182393895,0.02056361283771902,"Skelton, Ike",0.008712557603686636,0.13007064031045357,692640,-20.875,713.515,734.39,187,DEM,MO,1,0.0,0.0,0.0,0.0,1,1
H8CA05035,0.0,0,0.1359447004608295,59,0.0008717652851550921,0.016321097464222955,"Pelosi, Nancy",0.0,0.12051827819222584,1441846,-58.5,1500.346,1558.846,259,DEM,CA,1,0.0,0.0,0.0,0.0,1,1
H6NJ09165,0.0,0,0.020737327188940093,9,0.0008717652851550921,0.016321097464222955,"Rothman, Steven R. ",0.0,0.08070743554614523,451361,-10.0,461.361,471.361,133,DEM,NJ,1,0.0,0.0,0.0,0.0,0,0
H6FL19038,0.004608294930875576,2,0.0,0,0.0009794499515766103,0.020359125539437403,"Wexler, Robert",0.07434715821812596,0.0,476671,-8.0,484.671,492.671,147,DEM,FL,1,0.0,0.0,0.0,0.0,0,0
H2TX27026,0.009216589861751152,4,0.004608294930875576,2,0.0009949871269447495,0.024110893682022145,"Ortiz, Solomon P.",0.05969925222422357,0.03382074914332979,337055,-11.3,348.355,359.655,116,DEM,TX,1,0.0,0.0,0.0,0.0,0,0
H0WV02138,0.027649769585253454,12,0.020737327188940093,9,0.002204128778833174,0.04628047202461041,"Capito, Shelley Moore",0.06221198156682027,0.02144629563984403,1979502,-22.25,2001.752,2024.002,234,REP,WV,1,0.0,0.0,0.0,0.0,0,0
H6OH13133,0.0,0,0.029953917050691243,13,0.0008717652851550921,0.016321097464222955,"Sutton, Betty",0.0,0.06294045910273152,394260,-24.0,418.26,442.26,125,DEM,OH,1,0.0,0.0,0.0,0.0,0,0
H4MS02068,0.004608294930875576,2,0.009216589861751152,4,0.0009024619631313039,0.020541197648945738,"Thompson, Bennie G.",0.010368663594470046,0.04047526511576259,1192086,-35.0,1227.086,1262.086,328,DEM,MS,1,0.0,0.0,0.0,0.0,1,1
H8OR01072,0.0,0,0.03917050691244239,17,0.0008717652851550921,0.016321097464222955,"Wu, David",0.0,0.07486232879349962,367471,-12.5,379.971,392.471,126,DEM,OR,1,0.0,0.0,0.0,0.0,0,0
H4KS04087,0.002304147465437788,1,0.01152073732718894,5,0.000954114209061047,0.017953207210645254,"Tiahrt, Todd ",0.002304147465437788,0.05249135944700461,579338,-3.5,582.838,586.338,155,REP,KS,1,0.0,0.0,0.0,0.0,0,0
H2MI00037,0.004608294930875576,2,0.09216589861751152,40,0.0010939839202990297,0.022037755973991862,"McCotter, Thaddeus G.",0.04679782583008389,0.09963880931622868,640483,-6.5,646.983,653.483,201,REP,MI,1,0.0,0.0,0.0,0.0,0,0
H6MA07101,0.0,0,0.01152073732718894,5,0.0008717652851550921,0.016321097464222955,"Markey, Edward J.",0.0,0.061359762641247394,272598,-2.0,274.598,276.598,99,DEM,MA,1,0.0,0.0,0.0,0.0,0,0
H8CT04172,0.04377880184331797,19,0.0,0,0.0020597179236326053,0.06717946492299942,"Himes, Jim",0.11680685427945058,0.0,873976,-10.0,883.976,893.976,76,DEM,CT,1,0.0,0.0,0.0,0.0,0,0
H8IL11113,0.0944700460829493,41,0.002304147465437788,1,0.02591116084137411,0.11551522581897836,"Halvorson, Deborah ""Debbie""",0.1604147465437788,0.0,2018551,-8.222,2026.773,2034.995,207,DEM,IL,1,0.0,0.0,0.0,0.0,0,0
H2FL23021,0.04838709677419355,21,0.004608294930875576,2,0.0020902884559629627,0.05565907576535097,"Hastings, Alcee L.",0.07528826148670983,0.009822944457918991,413960,-8.4,422.36,430.76,125,DEM,FL,1,0.0,0.0,0.0,0.0,0,0
H4TX19136,0.0,0,0.0576036866359447,25,0.0008717652851550921,0.016321097464222955,"Conaway, Mike",0.0,0.07781015632059275,447384,-6.5,453.884,460.384,151,REP,TX,1,0.0,0.0,0.0,0.0,0,0
H4CO03167,0.01152073732718894,5,0.027649769585253454,12,0.0010865306992130412,0.025702028872171913,"Salazar, John T.",0.05974980197208489,0.05394720722248923,666820,-18.0,684.82,702.82,216,DEM,CO,1,0.0,0.0,0.0,0.0,0,0
H6TX21012,0.0,0,0.020737327188940093,9,0.0008717652851550921,0.016321097464222955,"Smith, Lamar",0.0,0.06902973297140332,458688,-47.5,506.188,553.688,166,REP,TX,1,0.0,0.0,0.0,0.0,1,1
H6TX22101,0.0,0,0.006912442396313364,3,0.0008717652851550921,0.016321097464222955,"Paul, Ron",0.0,0.04965733191539643,33065,-0.5,33.565,34.065,12,REP,TX,1,0.0,0.0,0.0,0.0,0,0
H2GA02031,0.004608294930875576,2,0.03917050691244239,17,0.0008936352077009413,0.02063876111008762,"Bishop, Sanford",0.06772026499907126,0.06851995930336943,538667,-10.2,548.867,559.067,133,DEM,GA,1,0.0,0.0,0.0,0.0,0,0
H6CA39020,0.0,0,0.02304147465437788,10,0.0008717652851550921,0.016321097464222955,"Royce, Ed",0.0,0.05748103239824079,538161,-19.65,557.811,577.461,141,REP,CA,1,0.0,0.0,0.0,0.0,0,0
H4FL20023,0.002304147465437788,1,0.12903225806451613,56,0.0016687671416443616,0.02405918552202322,"Schultz, Debbie Wasserman",0.08954887833633535,0.10107350318696258,843368,-14.75,858.118,872.868,248,DEM,FL,1,0.0,0.0,0.0,0.0,0,0
H6MN08047,0.002304147465437788,1,0.02534562211981567,11,0.0008999013266191636,0.018116418185287482,"Oberstar, James L.",0.0030721966205837174,0.07824909304833806,1028378,-20.0,1048.378,1068.378,303,DEM,MN,1,0.0,0.0,0.0,0.0,1,1
H0NY02085,0.002304147465437788,1,0.0576036866359447,25,0.003543564371435597,0.026058536167999906,"Israel, Steve J.",0.09855379347630203,0.11621226577884244,501292,-7.5,508.792,516.292,158,DEM,NY,1,0.0,0.0,0.0,0.0,0,0
H0OH12062,0.004608294930875576,2,0.02534562211981567,11,0.001439314376932547,0.021666435031435706,"Tiberi, Pat",0.04728277739308994,0.05381950284234249,1093753,-18.5,1112.253,1130.753,312,REP,OH,1,0.0,0.0,0.0,0.0,0,0
H8OH07065,0.03686635944700461,16,0.0,0,0.0031766705360299127,0.051362649579725694,"Austria, Steve",0.06510427478169413,0.0,651500,-11.0,662.5,673.5,187,REP,OH,1,0.0,0.0,0.0,0.0,0,0
H6OH04082,0.004608294930875576,2,0.016129032258064516,7,0.001039146686488436,0.01994800801182802,"Jordan, James D.",0.002304147465437788,0.014112903225806451,344437,-13.5,357.937,371.437,144,REP,OH,1,0.0,0.0,0.0,0.0,0,0
H6IL02124,0.004608294930875576,2,0.002304147465437788,1,0.005843855912155772,0.020398385059333286,"Jackson, Jesse L., Jr.",0.007373271889400922,0.0,367643,-12.0,379.643,391.643,136,DEM,IL,1,0.0,0.0,0.0,0.0,0,0
H2CA32099,0.002304147465437788,1,0.01152073732718894,5,0.0008797425697948335,0.018358546553477142,"Watson, Diane E.",0.007373271889400922,0.06366413031829386,160287,-2.5,162.787,165.287,59,DEM,CA,1,0.0,0.0,0.0,0.0,0,0
H8NY06048,0.004608294930875576,2,0.004608294930875576,2,0.0015302446122370309,0.020398385059333286,"Meeks, Gregory W.",0.007373271889400922,0.04765173056181979,699452,-50.0,749.452,799.452,207,DEM,NY,1,0.0,0.0,0.0,0.0,0,0
H4TX24094,0.002304147465437788,1,0.029953917050691243,13,0.0010687442193557499,0.02003432528501341,"Marchant, Kenny E.",0.04667813829599161,0.06612799900808002,408348,-6.0,414.348,420.348,141,REP,TX,1,0.0,0.0,0.0,0.0,0,0
H6CA09023,0.0,0,0.01152073732718894,5,0.0008717652851550921,0.016321097464222955,"Stark, Fortney",0.0,0.06564886339776106,584929,-10.5,595.429,605.929,146,DEM,CA,1,0.0,0.0,0.0,0.0,0,0
H8TX20077,0.002304147465437788,1,0.018433179723502304,8,0.0008797425697948335,0.018358546553477142,"Gonzalez, Charles A.",0.007373271889400922,0.07880184331797234,568112,-16.0,584.112,600.112,188,DEM,TX,1,0.0,0.0,0.0,0.0,0,0
H2MA09072,0.0,0,0.016129032258064516,7,0.0008717652851550921,0.016321097464222955,"Lynch, Stephen F.",0.0,0.04833736697278122,299998,-17.0,316.998,333.998,94,DEM,MA,1,0.0,0.0,0.0,0.0,0,0
H2NC13029,0.002304147465437788,1,0.020737327188940093,9,0.0009032925700775364,0.018158843338970106,"Miller, Brad",0.006831595116824318,0.020737327188940093,422190,-4.0,426.19,430.19,138,DEM,NC,1,0.0,0.0,0.0,0.0,0,0
H4TX06117,0.0,0,0.002304147465437788,1,0.0008717652851550921,0.016321097464222955,"Barton, Joe",0.0,0.0030721966205837174,843916,-24.0,867.916,891.916,245,REP,TX,1,0.0,0.0,0.0,0.0,1,1
H4LA07029,0.006912442396313364,3,0.006912442396313364,3,0.0013996809354190575,0.02921749769926146,"Boustany, Charles W., Jr.",0.058874684108815224,0.04834932386492408,467256,-6.0,473.256,479.256,165,REP,LA,1,0.0,0.0,0.0,0.0,0,0
H6NY03031,0.0,0,0.02534562211981567,11,0.0008717652851550921,0.016321097464222955,"Slaughter, Louise M.",0.0,0.06926694854862464,537605,-15.0,552.605,567.605,166,DEM,NY,1,0.0,0.0,0.0,0.0,1,1
H4CA20082,0.002304147465437788,1,0.020737327188940093,9,0.0008797425697948335,0.018358546553477142,"Costa, Jim",0.007373271889400922,0.06502512122771106,493142,-17.5,510.642,528.142,178,DEM,CA,1,0.0,0.0,0.0,0.0,0,0
H6TX00115,0.004608294930875576,2,0.009216589861751152,4,0.0009036116209825786,0.0202133134032296,"Reyes, Silvestre",0.008448540706605223,0.10759584939966771,250909,-4.0,254.909,258.909,75,DEM,TX,1,0.0,0.0,0.0,0.0,1,1
H6OH02086,0.03225806451612903,14,0.002304147465437788,1,0.002042409801112118,0.049459114839367685,"Schmidt, Jean",0.06449170344075165,0.04998828399593845,912028,-4.0,916.028,920.028,159,REP,OH,1,0.0,0.0,0.0,0.0,0,0
H2GA09036,0.0,0,0.002304147465437788,1,0.0008717652851550921,0.016321097464222955,"Deal, Nathan",0.0,0.002304147465437788,587246,-20.2,607.446,627.646,204,REP,GA,1,0.0,0.0,0.0,0.0,0,0
H2CA37023,0.009216589861751152,4,0.004608294930875576,2,0.0013212729281444385,0.025413122717920598,"Calvert, Ken",0.04906223675734602,0.05102610304083684,386267,-7.5,393.767,401.267,109,REP,CA,1,0.0,0.0,0.0,0.0,0,0
H0OH08029,0.004608294930875576,2,0.06221198156682028,27,0.001106296206143658,0.019805693698407865,"Boehner, John A.",0.032944317822622235,0.07158516397476623,2176875,-43.7,2220.575,2264.275,450,REP,OH,1,0.0,0.0,0.0,0.0,1,1
H8CA09060,0.002304147465437788,1,0.020737327188940093,9,0.0008797425697948335,0.018358546553477142,"Lee, Barbara",0.007373271889400922,0.06533550366793882,247501,-16.0,263.501,279.501,95,DEM,CA,1,0.0,0.0,0.0,0.0,0,0
H8MA02041,0.0,0,0.027649769585253454,12,0.0008717652851550921,0.016321097464222955,"Neal, Richard E.",0.0,0.09070096141105108,951713,-18.75,970.463,989.213,272,DEM,MA,1,0.0,0.0,0.0,0.0,0,0
H4NY11138,0.004608294930875576,2,0.013824884792626727,6,0.0011401675952860805,0.020174391243881633,"Clarke, Yvette D.",0.006713808994120451,0.01184990125082291,252301,-25.0,277.301,302.301,89,DEM,NY,1,0.0,0.0,0.0,0.0,0,0
H4AZ04024,0.0,0,0.013824884792626727,6,0.0008717652851550921,0.016321097464222955,"Franks, Trent",0.0,0.05882300202621528,192380,-3.5,195.88,199.38,74,REP,AZ,1,0.0,0.0,0.0,0.0,0,0
H8CO02137,0.006912442396313364,3,0.018433179723502304,8,0.001003741724471816,0.02215551983989911,"Polis, Jared",0.05277824691775038,0.06192531533285736,32110,-13.3,45.41,58.71,12,DEM,CO,1,0.0,0.0,0.0,0.0,0,0
H6OR03064,0.006912442396313364,3,0.01152073732718894,5,0.0011071597984952891,0.021942808813010792,"Blumenauer, Earl",0.005184331797235023,0.03243551663135825,619563,-13.726,633.289,647.015,169,DEM,OR,1,0.0,0.0,0.0,0.0,0,0
H2NY17071,0.002304147465437788,1,0.06221198156682028,27,0.000893563529718433,0.017953207210645254,"Nadler, Jerrold L.",0.002304147465437788,0.10185063272620876,427077,-8.5,435.577,444.077,142,DEM,NY,1,0.0,0.0,0.0,0.0,0,0
H8ID01090,0.052995391705069124,23,0.0,0,0.004101265245485282,0.07199708133190065,"Minnick, Walt",0.14307594755831815,0.0,1045124,-13.9,1059.024,1072.924,103,DEM,ID,1,0.0,0.0,0.0,0.0,0,0
H2CA33048,0.002304147465437788,1,0.03225806451612903,14,0.0008797425697948335,0.018358546553477142,"Roybal-Allard, Lucille",0.007373271889400922,0.07343053561985344,322724,-10.0,332.724,342.724,100,DEM,CA,1,0.0,0.0,0.0,0.0,0,0
H8MS01061,0.20276497695852536,88,0.0,0,0.010860156660997737,0.2004246799810607,"Childers, Travis W. #",0.21434331797235023,0.0,1659513,-14.9,1674.413,1689.313,197,DEM,MS,1,0.0,0.0,0.0,0.0,0,0
H8IL18043,0.04838709677419355,21,0.0,0,0.002705783304337206,0.05941022481338041,"Schock, Aaron",0.05966638152266894,0.0,550035,-26.0,576.035,602.035,175,REP,IL,1,0.0,0.0,0.0,0.0,0,0
H6AK00045,0.013824884792626727,6,0.0,0,0.0017332649858612262,0.027257083028887633,"Young, Don E.",0.040310139244160006,0.0,1460059,-3.0,1463.059,1466.059,120,REP,AK,1,0.0,0.0,0.0,0.0,0,1
H8TX22107,0.06912442396313365,30,0.0,0,0.004313867969108494,0.0800162191894839,"Olson, Pete",0.08123019873271889,0.0,1206185,-2.0,1208.185,1210.185,150,REP,TX,1,0.0,0.0,0.0,0.0,0,0
H2NC01081,0.002304147465437788,1,0.002304147465437788,1,0.0011188120568729567,0.017953207210645254,"Jones, Walter B.",0.002304147465437788,0.06432983625845672,363758,-4.0,367.758,371.758,135,REP,NC,1,0.0,0.0,0.0,0.0,0,0
H8IN07184,0.1313364055299539,57,0.002304147465437788,1,0.04785166717689108,0.1590526277432614,"Carson, Andre D.",0.19415357281661208,0.002304147465437788,1170578,-11.0,1181.578,1192.578,186,DEM,IN,1,0.0,0.0,0.0,0.0,0,0
H2NC12021,0.004608294930875576,2,0.03686635944700461,16,0.0008936352077009413,0.02063876111008762,"Watt, Mel",0.06772026499907126,0.07207700637103069,438383,-22.0,460.383,482.383,136,DEM,NC,1,0.0,0.0,0.0,0.0,0,0
H8IL14067,0.08986175115207373,39,0.0,0,0.007239843153902902,0.11637108597420702,"Foster, Bill",0.17169113706998176,0.0,1318789,-16.9,1335.689,1352.589,175,DEM,IL,1,0.0,0.0,0.0,0.0,0,0
H8MD01086,0.08294930875576037,36,0.0,0,0.004250307855189811,0.10184784878691981,"Kratovil, Frank M., Jr.",0.14649247724599096,0.0,1670360,-23.7,1694.06,1717.76,159,DEM,MD,1,0.0,0.0,0.0,0.0,0,0
H2WA04041,0.0,0,0.002304147465437788,1,0.0008717652851550921,0.016321097464222955,"Hastings, Doc",0.0,0.002304147465437788,275102,-8.25,283.352,291.602,92,REP,WA,1,0.0,0.0,0.0,0.0,1,1
H0LA01087,0.006912442396313364,3,0.0,0,0.0015407203382049551,0.022878380396927248,"Scalise, ""Steve""",0.0487300116711386,0.0,360159,-3.5,363.659,367.159,91,REP,LA,1,0.0,0.0,0.0,0.0,0,0
H8WA07132,0.029953917050691243,13,0.018433179723502304,8,0.002289451515814406,0.04024701696777524,"McDermott, Jim",0.03551459293394777,0.03573879792136484,291801,-8.2,300.001,308.201,92,DEM,WA,1,0.0,0.0,0.0,0.0,0,0
H8CA12171,0.016129032258064516,7,0.02304147465437788,10,0.0012837745297929316,0.028357100415853636,"Speier, Jackie",0.012996831797235023,0.07017121680643959,319053,-26.5,345.553,372.053,101,DEM,CA,1,0.0,0.0,0.0,0.0,0,0
H4IA05102,0.020737327188940093,9,0.0,0,0.0017177834012921237,0.03430854596773976,"Latham, Tom",0.05141486079902502,0.0,805090,-4.0,809.09,813.09,219,REP,IA,1,0.0,0.0,0.0,0.0,0,0
H4TX10093,0.027649769585253454,12,0.0,0,0.002304133678716826,0.042052738672705904,"McCaul, Michael T.",0.05566640063846767,0.0,415339,-21.75,437.089,458.839,135,REP,TX,1,0.0,0.0,0.0,0.0,0,0
H8CA04152,0.03225806451612903,14,0.002304147465437788,1,0.0035555472544408565,0.04824702047030194,"McClintock, Tom",0.05812468813290675,0.052666227781435156,818759,-6.0,824.759,830.759,80,REP,CA,1,0.0,0.0,0.0,0.0,0,0
H6AR01072,0.0,0,0.009216589861751152,4,0.0008717652851550921,0.016321097464222955,"Berry, Marion",0.0,0.016726403823178016,738875,-16.0,754.875,770.875,214,DEM,AR,1,0.0,0.0,0.0,0.0,0,0
H8PA03084,0.0967741935483871,42,0.0,0,0.007138889931913437,0.12158255587464198,"Dahlkemper, Kathy",0.1739312790672981,0.0,1907265,-5.0,1912.265,1917.265,102,DEM,PA,1,0.0,0.0,0.0,0.0,0,0
H8TN02069,0.0,0,0.004608294930875576,2,0.0008717652851550921,0.016321097464222955,"Duncan, Jr., John J.",0.0,0.050560239199790386,397635,-3.0,400.635,403.635,143,REP,TN,1,0.0,0.0,0.0,0.0,0,0
H8AZ01104,0.06682027649769585,29,0.002304147465437788,1,0.019773031996147182,0.08595144033391906,"Kirkpatrick, Ann",0.1253240207373272,0.0,1479346,-15.1,1494.446,1509.546,121,DEM,AZ,1,0.0,0.0,0.0,0.0,0,0
H6WI07033,0.002304147465437788,1,0.018433179723502304,8,0.0008944846784915623,0.01850374855969155,"Obey, David R.",0.008361825479411328,0.04706755873356631,948815,-22.5,971.315,993.815,275,DEM,WI,1,0.0,0.0,0.0,0.0,1,1
H2CA39078,0.004608294930875576,2,0.004608294930875576,2,0.001048488744191575,0.020376382112571086,"Sanchez, Linda T.",0.0107031366136465,0.05990279220320867,325646,-2.0,327.646,329.646,114,DEM,CA,1,0.0,0.0,0.0,0.0,0,0
H8VA05106,0.041474654377880185,18,0.0,0,0.0015046485831870329,0.049670511150064336,"Perriello, Tom S. P.",0.09317659515587588,0.0,715662,-7.0,722.662,729.662,55,DEM,VA,1,0.0,0.0,0.0,0.0,0,0
H8MN03077,0.05529953917050691,24,0.0,0,0.003099910201476013,0.06567202020093058,"Paulsen, Erik",0.07694429123000551,0.0,2020435,-8.0,2028.435,2036.435,185,REP,MN,1,0.0,0.0,0.0,0.0,0,0
H6VA01117,0.004608294930875576,2,0.02534562211981567,11,0.000983142953820983,0.023710807019803156,"Scott, Robert C. ""Bobby""",0.0978703413717507,0.04083619865603287,240790,-8.5,249.29,257.79,93,DEM,VA,1,0.0,0.0,0.0,0.0,0,0
H6NJ13191,0.002304147465437788,1,0.052995391705069124,23,0.0008797425697948335,0.018358546553477142,"Sires, Albio",0.007373271889400922,0.11222644016907335,311384,-7.5,318.884,326.384,116,DEM,NJ,1,0.0,0.0,0.0,0.0,0,0
H8MN06047,0.009216589861751152,4,0.006912442396313364,3,0.0011874876064708756,0.02328614278665159,"Kline, John",0.009669864772984815,0.041873209615145096,564864,-6.441,571.305,577.746,173,REP,MN,1,0.0,0.0,0.0,0.0,1,0
H6GA05217,0.01152073732718894,5,0.018433179723502304,8,0.0010030228183372006,0.02563562554098724,"Lewis, John",0.013642978413776378,0.05060180413468828,809472,-33.2,842.672,875.872,237,DEM,GA,1,0.0,0.0,0.0,0.0,0,0
H6OH23033,0.004608294930875576,2,0.0,0,0.0010330647355267237,0.020155702732757807,"Kucinich, Dennis J.",0.012041028690352312,0.0,154727,-2.5,157.227,159.727,37,DEM,OH,1,0.0,0.0,0.0,0.0,0,0
H8NY13077,0.07373271889400922,32,0.0,0,0.0028298268914575386,0.08460705329546206,"McMahon, Michael E.",0.13006601071117202,0.0,485901,-1.4,487.301,488.701,120,DEM,NY,1,0.0,0.0,0.0,0.0,0,0
H6TX12060,0.0,0,0.05069124423963134,22,0.0008717652851550921,0.016321097464222955,"Granger, Kay",0.0,0.06689164389706782,536545,-9.5,546.045,555.545,176,REP,TX,1,0.0,0.0,0.0,0.0,0,0
H2TX00015,0.002304147465437788,1,0.004608294930875576,2,0.0008797425697948335,0.018358546553477142,"Johnson, Eddie Bernice",0.007373271889400922,0.005184331797235023,325890,-19.0,344.89,363.89,121,DEM,TX,1,0.0,0.0,0.0,0.0,0,0
H6CA05195,0.0,0,0.01152073732718894,5,0.0008717652851550921,0.016321097464222955,"Matsui, Doris",0.0,0.0588722065308954,519424,-10.0,529.424,539.424,184,DEM,CA,1,0.0,0.0,0.0,0.0,0,0
H6MD04183,0.009216589861751152,4,0.004608294930875576,2,0.001011343350750338,0.023848031417410147,"Edwards, Donna #",0.014746543778801843,0.004608294930875576,1352889,-15.0,1367.889,1382.889,78,DEM,MD,1,0.0,0.0,0.0,0.0,0,0
H0PA19053,0.0,0,0.01152073732718894,5,0.0008717652851550921,0.016321097464222955,"Platts, Todd",0.0,0.06221198156682027,11877,-20.5,32.377,52.877,12,REP,PA,1,0.0,0.0,0.0,0.0,0,0
H6MD03292,0.0,0,0.05529953917050691,24,0.0008717652851550921,0.016321097464222955,"Sarbanes, John P.",0.0,0.08372453594039364,163383,-14.0,177.383,191.383,58,DEM,MD,1,0.0,0.0,0.0,0.0,0,0
H8MS03067,0.002304147465437788,1,0.002304147465437788,1,0.0009449328824437146,0.018116418185287482,"Harper, Gregg",0.0030721966205837174,0.002304147465437788,168093,-1.7,169.793,171.493,53,REP,MS,1,0.0,0.0,0.0,0.0,0,0
H8CA42061,0.002304147465437788,1,0.002304147465437788,1,0.0008950175023316488,0.0185248707537107,"Rohrabacher, Dana",0.03888248847926267,0.002304147465437788,140962,-5.0,145.962,150.962,58,REP,CA,1,0.0,0.0,0.0,0.0,0,0
H6MI15127,0.052995391705069124,23,0.002304147465437788,1,0.043381954425872685,0.07586438172944764,"Kilpatrick, Carolyn Cheeks",0.14413905674220756,0.002304147465437788,535785,-30.7,566.485,597.185,161,DEM,MI,1,0.0,0.0,0.0,0.0,0,0
H6HI02251,0.002304147465437788,1,0.0,0,0.0009069555958369463,0.018317956858010655,"Hirono, Mazie",0.008220970586561984,0.0,428109,-26.0,454.109,480.109,115,DEM,HI,1,0.0,0.0,0.0,0.0,0,0
H4KY06072,0.0,0,0.03686635944700461,16,0.0008717652851550921,0.016321097464222955,"Chandler, Ben",0.0,0.05842516529753557,469741,-10.0,479.741,489.741,129,DEM,KY,1,0.0,0.0,0.0,0.0,0,0
H6MI12181,0.0,0,0.02304147465437788,10,0.0008717652851550921,0.016321097464222955,"Miller, Candice S.",0.0,0.06754583782723797,401097,-7.5,408.597,416.097,125,REP,MI,1,0.0,0.0,0.0,0.0,0,0
H2FL05127,0.002304147465437788,1,0.002304147465437788,1,0.0009458793166704515,0.017953207210645254,"Brown-Waite, Virginia ""Ginny""",0.002304147465437788,0.002304147465437788,364081,-15.5,379.581,395.081,123,REP,FL,1,0.0,0.0,0.0,0.0,0,0
H6NE03115,0.002304147465437788,1,0.013824884792626727,6,0.0012082884761594782,0.018649711742860595,"Smith, Adrian",0.007761338830948338,0.053058519032889336,363200,-15.0,378.2,393.2,133,REP,NE,1,0.0,0.0,0.0,0.0,0,0
H6NY04112,0.0,0,0.002304147465437788,1,0.0008717652851550921,0.016321097464222955,"McCarthy, Carolyn",0.0,0.002304147465437788,488763,-12.556,501.319,513.875,148,DEM,NY,1,0.0,0.0,0.0,0.0,0,0
H8NV03036,0.10138248847926268,44,0.0,0,0.003537387211289189,0.11014302012039716,"Titus, Dina",0.1468905599495591,0.0,2305659,0.0,2305.659,2305.659,117,DEM,NV,1,0.0,0.0,0.0,0.0,0,0
H2TN05131,0.002304147465437788,1,0.004608294930875576,2,0.0008900130277170683,0.018377458747915763,"Cooper, Jim",0.00754084625052367,0.004608294930875576,278445,-9.5,287.945,297.445,99,DEM,TN,1,0.0,0.0,0.0,0.0,0,0
H8LA04225,0.029953917050691243,13,0.0,0,0.002335708248156386,0.04079267897567533,"Fleming, John",0.05702428113293987,0.0,854322,0.0,854.322,854.322,65,REP,LA,1,0.0,0.0,0.0,0.0,0,0
H8VA02046,0.06912442396313365,30,0.0,0,0.00303294319815933,0.08226690635253964,"Nye, Glenn C., III",0.1309725927722532,0.0,1321727,0.0,1321.727,1321.727,94,DEM,VA,1,0.0,0.0,0.0,0.0,0,0
H6NJ12136,0.016129032258064516,7,0.0,0,0.0015351727458122817,0.03265066218987414,"Lance, Leonard",0.05302157519899455,0.0,1173800,-1.25,1175.05,1176.3,105,REP,NJ,1,0.0,0.0,0.0,0.0,0,0
H6NC04037,0.006912442396313364,3,0.013824884792626727,6,0.000965671014993081,0.022192219589806654,"Price, David",0.013717715143071482,0.013405948889819858,464995,-10.9,475.895,486.795,160,DEM,NC,1,0.0,0.0,0.0,0.0,0,0
H8VA11062,0.059907834101382486,26,0.002304147465437788,1,0.0018847249232115607,0.06745238740984975,"Connolly, Gerald E.  ""Gerry""",0.12041726301882637,0.04486425906768237,1704902,-2.0,1706.902,1708.902,177,DEM,VA,1,0.0,0.0,0.0,0.0,0,0
H8AL05109,0.04377880184331797,19,0.0,0,0.0019600473928377635,0.060895109602522535,"Griffith, Parker",0.10978136585703892,0.0,1608955,-4.0,1612.955,1616.955,170,REP,AL,1,0.0,0.0,0.0,0.0,0,0
H8NM02032,0.03917050691244239,17,0.0,0,0.001884576497283159,0.05076265365568764,"Teague, Harry ",0.08645106101161731,0.0,1048843,0.0,1048.843,1048.843,79,DEM,NM,1,0.0,0.0,0.0,0.0,0,0
H8OR05107,0.041474654377880185,18,0.0,0,0.001648184552466484,0.0535695629856413,"Schrader, Kurt",0.11474802554566066,0.0,849109,-1.348,850.457,851.805,155,DEM,OR,1,0.0,0.0,0.0,0.0,0,0
H2IL01042,0.002304147465437788,1,0.004608294930875576,2,0.0008797425697948335,0.018358546553477142,"Rush, Bobby L.",0.007373271889400922,0.045474747947320406,257792,-14.5,272.292,286.792,113,DEM,IL,1,0.0,0.0,0.0,0.0,0,0
H4CA23011,0.002304147465437788,1,0.0,0,0.0008797425697948335,0.018358546553477142,"Waters, Maxine",0.007373271889400922,0.0,161963,-15.0,176.963,191.963,53,DEM,CA,1,0.0,0.0,0.0,0.0,0,0
H4MO05234,0.002304147465437788,1,0.002304147465437788,1,0.0008797425697948335,0.018358546553477142,"Cleaver, Emanuel, II",0.007373271889400922,0.05198370606743977,305320,-9.0,314.32,323.32,111,DEM,MO,1,0.0,0.0,0.0,0.0,0,0
H6GA04129,0.004608294930875576,2,0.0,0,0.0008979903123568099,0.020414907837169954,"Johnson, Henry C. ""Hank,"" Jr.",0.011059907834101384,0.0,239843,-4.0,243.843,247.843,82,DEM,GA,1,0.0,0.0,0.0,0.0,0,0
H2GA13012,0.08064516129032258,35,0.0,0,0.00492917711789926,0.10548232194339824,"Scott, David",0.14242674550039128,0.0,1158965,-14.0,1172.965,1186.965,265,DEM,GA,1,0.0,0.0,0.0,0.0,0,0
H4IL07037,0.002304147465437788,1,0.009216589861751152,4,0.0008797425697948335,0.018358546553477142,"Davis, Danny K.",0.007373271889400922,0.009600614439324117,288470,-22.1,310.57,332.67,102,DEM,IL,1,0.0,0.0,0.0,0.0,0,0
H0NY18065,0.006912442396313364,3,0.004608294930875576,2,0.0013939502014321758,0.026698860470622185,"Serrano, Jose E.",0.07563185008470767,0.05142336127055991,258595,-6.5,265.095,271.595,85,DEM,NY,1,0.0,0.0,0.0,0.0,0,0
H6MN05183,0.004608294930875576,2,0.02304147465437788,10,0.0008925208510905853,0.019990656299899438,"Ellison, Keith",0.008465237427369264,0.05249135944700461,304138,-9.0,313.138,322.138,102,DEM,MN,1,0.0,0.0,0.0,0.0,0,0
H2AZ07070,0.002304147465437788,1,0.013824884792626727,6,0.0008797425697948335,0.018358546553477142,"Grijalva, Raúl",0.007373271889400922,0.035978013436233414,298709,-2.5,301.209,303.709,84,DEM,AZ,1,0.0,0.0,0.0,0.0,0,0
H4TX09095,0.002304147465437788,1,0.016129032258064516,7,0.0008797425697948335,0.018358546553477142,"Green, Al",0.00648376379809238,0.14963661174788226,260836,-21.5,282.336,303.836,83,DEM,TX,1,0.0,0.0,0.0,0.0,0,0
H8AL02130,0.07142857142857142,31,0.0,0,0.002908514869527542,0.09029220152085124,"Bright, Bobby",0.13089927117037617,0.0,1555218,-5.0,1560.218,1565.218,140,DEM,AL,1,0.0,0.0,0.0,0.0,0,0
H6CO05159,0.013824884792626727,6,0.0,0,0.0015531879172044486,0.0291576830716597,"Lamborn, Doug",0.0521329454470561,0.0,305167,-6.0,311.167,317.167,126,REP,CO,1,0.0,0.0,0.0,0.0,0,0
H8NM03196,0.02304147465437788,10,0.009216589861751152,4,0.0012604905711438975,0.03428123179246632,"Lujan, Ben R. ",0.07151630449839773,0.009216589861751152,428211,-8.0,436.211,444.211,88,DEM,NM,1,0.0,0.0,0.0,0.0,0,0
H2NY24036,0.0,0,0.016129032258064516,7,0.0008717652851550921,0.016321097464222955,"McHugh, John M.",0.0,0.05770042565166919,487324,-12.5,499.824,512.324,147,REP,NY,1,0.0,0.0,0.0,0.0,0,0
H8MS05047,0.004608294930875576,2,0.013824884792626727,6,0.00091682002532944,0.020266809661019018,"Taylor, Gene",0.06283572228765116,0.046443986499643014,333548,-25.5,359.048,384.548,110,DEM,MS,1,0.0,0.0,0.0,0.0,0,0
H4TX04039,0.0,0,0.027649769585253454,12,0.0008717652851550921,0.016321097464222955,"Gohmert, Louie",0.0,0.07431904213298222,158408,-0.5,158.908,159.408,81,REP,TX,1,0.0,0.0,0.0,0.0,0,0
H6MO08084,0.0,0,0.02304147465437788,10,0.0008717652851550921,0.016321097464222955,"Emerson, Jo Ann",0.0,0.06630487509095319,588153,-8.5,596.653,605.153,186,REP,MO,1,0.0,0.0,0.0,0.0,0,0
H8KY02031,0.02534562211981567,11,0.0,0,0.0018258762908777487,0.03805895145044747,"Guthrie, S. Brett",0.05906200781660153,0.0,1099255,-3.5,1102.755,1106.255,138,REP,KY,1,0.0,0.0,0.0,0.0,0,0
H6CA10088,0.002304147465437788,1,0.002304147465437788,1,0.0008900130277170683,0.018377458747915763,"Tauscher, Ellen O.",0.00754084625052367,0.037124080335282604,845717,-24.158,869.875,894.033,243,DEM,CA,1,0.0,0.0,0.0,0.0,0,0
H6AR02203,0.002304147465437788,1,0.002304147465437788,1,0.0008900130277170683,0.018377458747915763,"Snyder, Vic",0.00754084625052367,0.002304147465437788,147552,-8.5,156.052,164.552,57,DEM,AR,1,0.0,0.0,0.0,0.0,0,0
H2FL01100,0.002304147465437788,1,0.009216589861751152,4,0.0009449328824437146,0.018116418185287482,"Miller, Jeff",0.0030721966205837174,0.009216589861751152,153841,-12.2,166.041,178.241,63,REP,FL,1,0.0,0.0,0.0,0.0,0,0
H2TX31044,0.002304147465437788,1,0.018433179723502304,8,0.0008970049860983719,0.01832452815320141,"Carter, John",0.038342756457421676,0.04741653948167795,346654,-1.0,347.654,348.654,123,REP,TX,1,0.0,0.0,0.0,0.0,0,0
H4IN04099,0.016129032258064516,7,0.0,0,0.005607693311494777,0.0388871940259413,"Souder, Mark Edward",0.061695293953358474,0.0,915952,-7.0,922.952,929.952,131,REP,IN,1,0.0,0.0,0.0,0.0,0,0
H8NY26095,0.020737327188940093,9,0.0,0,0.0014289774471471567,0.03478333241686367,"Lee, Christopher J.",0.05030618455538028,0.0,1319671,-8.5,1328.171,1336.671,100,REP,NY,1,0.0,0.0,0.0,0.0,0,0
H8KS02090,0.04838709677419355,21,0.0,0,0.0036523527121060874,0.05915024304088459,"Jenkins, Lynn ",0.0632280962876034,0.0,787375,-8.0,795.375,803.375,115,REP,KS,1,0.0,0.0,0.0,0.0,0,0
H8MO09153,0.009216589861751152,4,0.0,0,0.0010265409948856333,0.023569316866299993,"Luetkemeyer, Blaine",0.04013676230117437,0.0,760070,-2.5,762.57,765.07,48,REP,MO,1,0.0,0.0,0.0,0.0,0,0
H8NE02139,0.04377880184331797,19,0.0,0,0.003734084710091411,0.06122602846717101,"Terry, Lee",0.07040543013525428,0.0,1171951,-5.382,1177.333,1182.715,227,REP,NE,1,0.0,0.0,0.0,0.0,0,0
H8WY00148,0.020737327188940093,9,0.0,0,0.0025715994401144405,0.037955315910033816,"Lummis, Cynthia M.",0.065569227358386,0.0,1004786,-4.168,1008.954,1013.122,103,REP,WY,1,0.0,0.0,0.0,0.0,0,0
H6CA21028,0.0,0,0.006912442396313364,3,0.0008717652851550921,0.016321097464222955,"Gallegly, Elton",0.0,0.042584539495034726,177382,-2.0,179.382,181.382,63,REP,CA,1,0.0,0.0,0.0,0.0,0,0
H8PA05071,0.009216589861751152,4,0.0,0,0.001109713408030648,0.023569316866299993,"Thompson, Glenn W.",0.04013676230117437,0.0,286276,-1.0,287.276,288.276,78,REP,PA,1,0.0,0.0,0.0,0.0,0,0
H8TN08033,0.0,0,0.002304147465437788,1,0.0008717652851550921,0.016321097464222955,"Tanner, John",0.0,0.0034562211981566822,1172480,-30.0,1202.48,1232.48,338,DEM,TN,1,0.0,0.0,0.0,0.0,0,0
H6CA34112,0.018433179723502304,8,0.0,0,0.002536067930786711,0.03666200827882906,"Lungren, Dan",0.05747182277497086,0.0,452909,-5.0,457.909,462.909,159,REP,CA,1,0.0,0.0,0.0,0.0,1,0
H4OK06056,0.0,0,0.006912442396313364,3,0.0008717652851550921,0.016321097464222955,"Lucas, Frank D.",0.0,0.007373271889400922,302985,-3.0,305.985,308.985,116,REP,OK,1,0.0,0.0,0.0,0.0,1,0
H6HI01121,0.002304147465437788,1,0.002304147465437788,1,0.0008900130277170683,0.018377458747915763,"Abercrombie, Neil",0.00754084625052367,0.04532137611613214,606735,-17.8,624.535,642.335,158,DEM,HI,1,0.0,0.0,0.0,0.0,0,0
H0WA02080,0.002304147465437788,1,0.041474654377880185,18,0.0008900130277170683,0.018377458747915763,"Larsen, Rick",0.00754084625052367,0.06619600009080384,684337,-11.5,695.837,707.337,209,DEM,WA,1,0.0,0.0,0.0,0.0,0,0
H6FL11126,0.002304147465437788,1,0.004608294930875576,2,0.0008900130277170683,0.018377458747915763,"Castor, Kathy",0.00754084625052367,0.004608294930875576,269902,-7.0,276.902,283.902,96,DEM,FL,1,0.0,0.0,0.0,0.0,0,0
H2SC05052,0.002304147465437788,1,0.06682027649769585,29,0.0008900130277170683,0.018377458747915763,"Spratt, John",0.00754084625052367,0.07998683344305464,778811,-21.9,800.711,822.611,200,DEM,SC,1,0.0,0.0,0.0,0.0,1,1
H0CA49055,0.002304147465437788,1,0.02304147465437788,10,0.0008900130277170683,0.018377458747915763,"Davis, Susan A.",0.00754084625052367,0.049585933647354904,227157,-5.52,232.677,238.197,73,DEM,CA,1,0.0,0.0,0.0,0.0,0,0
H8NY21203,0.02304147465437788,10,0.006912442396313364,3,0.002622563704662587,0.04362469532987062,"Tonko, Paul D.",0.11813043413419236,0.0069124423963133645,279241,0.0,279.241,279.241,72,DEM,NY,1,0.0,0.0,0.0,0.0,0,0
H8CO06138,0.002304147465437788,1,0.0,0,0.0008970049860983719,0.01832452815320141,"Coffman, Mike",0.0387211503527927,0.0,206313,-6.0,212.313,218.313,72,REP,CO,1,0.0,0.0,0.0,0.0,0,0
H8CA41063,0.002304147465437788,1,0.0,0,0.0009776424730341769,0.017953207210645254,"Miller, Gary G.",0.002304147465437788,0.0,279674,-3.0,282.674,285.674,87,REP,CA,1,0.0,0.0,0.0,0.0,0,0
H6FL08213,0.016129032258064516,7,0.0,0,0.0010497737563351002,0.028920488133565615,"Grayson, Alan",0.07022046298122613,0.0,892103,0.0,892.103,892.103,65,DEM,FL,1,0.0,0.0,0.0,0.0,0,0
H8NJ04014,0.0,0,0.002304147465437788,1,0.0008717652851550921,0.016321097464222955,"Smith, Christopher H. ",0.0,0.002304147465437788,225145,-2.0,227.145,229.145,65,REP,NJ,1,0.0,0.0,0.0,0.0,0,0
H8FL15107,0.009216589861751152,4,0.0,0,0.0016950857145718683,0.023792520935533745,"Posey, Bill",0.0400853889943074,0.0,405771,-6.0,411.771,417.771,91,REP,FL,1,0.0,0.0,0.0,0.0,0,0
H8NY19058,0.0,0,0.020737327188940093,9,0.0008717652851550921,0.016321097464222955,"Engel, Eliot L.",0.0,0.07927898535948778,438197,-13.5,451.697,465.197,145,DEM,NY,1,0.0,0.0,0.0,0.0,0,0
H6KS01096,0.002304147465437788,1,0.004608294930875576,2,0.0015163681193674822,0.01813455273802549,"Moran, Jerry ",0.0,0.002304147465437788,570506,-13.0,583.506,596.506,171,REP,KS,1,0.0,0.0,0.0,0.0,0,0
H0MT00033,0.0,0,0.004608294930875576,2,0.0008717652851550921,0.016321097464222955,"Rehberg, Denny",0.0,0.004608294930875576,361093,-5.0,366.093,371.093,133,REP,MT,1,0.0,0.0,0.0,0.0,0,0
H8IL13069,0.009216589861751152,4,0.0,0,0.0011636410799555962,0.024071409475093022,"Biggert, Judy",0.04443712969058591,0.0,710240,-13.0,723.24,736.24,200,REP,IL,1,0.0,0.0,0.0,0.0,0,0
H4KY01040,0.002304147465437788,1,0.0,0,0.0008950175023316488,0.0185248707537107,"Whitfield, Edward",0.03888248847926267,0.0,567469,-12.5,579.969,592.469,192,REP,KY,1,0.0,0.0,0.0,0.0,0,0
H2KY04071,0.004608294930875576,2,0.04608294930875576,20,0.0017101327125821715,0.02594922678339813,"Davis, Geoff",0.05352244009892293,0.06411540773392106,818548,-27.0,845.548,872.548,217,REP,KY,1,0.0,0.0,0.0,0.0,0,0
H8CA20059,0.0,0,0.004608294930875576,2,0.0008717652851550921,0.016321097464222955,"Nunes, Devin G.",0.0,0.04539793249470669,603884,-10.5,614.384,624.884,209,REP,CA,1,0.0,0.0,0.0,0.0,0,0
H6MO07128,0.0,0,0.009216589861751152,4,0.0008717652851550921,0.016321097464222955,"Blunt, Roy",0.0,0.009216589861751152,1514787,-57.1,1571.887,1628.987,345,REP,MO,1,0.0,0.0,0.0,0.0,0,1
H0KY05015,0.0,0,0.018433179723502304,8,0.0008717652851550921,0.016321097464222955,"Rogers, Harold ""Hal""",0.0,0.053418768624513516,356196,-11.5,367.696,379.196,103,REP,KY,1,0.0,0.0,0.0,0.0,0,0
H8OH11141,0.006912442396313364,3,0.0,0,0.0010011402205945576,0.023281688580974548,"Fudge, Marcia L. #",0.06053712628447916,0.0,169747,-1.0,170.747,171.747,52,DEM,OH,1,0.0,0.0,0.0,0.0,0,0
H6TN01388,0.004608294930875576,2,0.0,0,0.0017003529093577018,0.020136169971730157,"Roe, Phil",0.0398343322782679,0.0,25186,-5.0,30.186,35.186,5,REP,TN,1,0.0,0.0,0.0,0.0,0,0
H8UT03089,0.002304147465437788,1,0.0,0,0.0008970049860983719,0.01832452815320141,"Chaffetz, Jason",0.0387211503527927,0.0,166589,-5.0,171.589,176.589,65,REP,UT,1,0.0,0.0,0.0,0.0,0,0
H2FL08055,0.0,0,0.004608294930875576,2,0.0008717652851550921,0.016321097464222955,"Mica, John L.",0.0,0.004608294930875576,582281,-9.3,591.581,600.881,198,REP,FL,1,0.0,0.0,0.0,0.0,1,1
H0AZ01184,0.0,0,0.004608294930875576,2,0.0008717652851550921,0.016321097464222955,"Flake, Jeff",0.0,0.005184331797235023,153338,-7.0,160.338,167.338,58,REP,AZ,1,0.0,0.0,0.0,0.0,0,0
H2SC03057,0.002304147465437788,1,0.002304147465437788,1,0.0011188120568729567,0.017953207210645254,"Barrett, J. Gresham",0.002304147465437788,0.040529521503317234,566413,-23.5,589.913,613.413,157,REP,SC,1,0.0,0.0,0.0,0.0,0,0
H6WA06021,0.0,0,0.004608294930875576,2,0.0008717652851550921,0.016321097464222955,"Dicks, Norm",0.0,0.04794321547612323,534541,-43.25,577.791,621.041,150,DEM,WA,1,0.0,0.0,0.0,0.0,0,0
H0MI10071,0.002304147465437788,1,0.0,0,0.0009444643634740162,0.018916016265180063,"Camp, Dave ",0.04330300341077977,0.0,1596950,-18.73,1615.68,1634.41,462,REP,MI,1,0.0,0.0,0.0,0.0,1,0
H8LA00017,0.006912442396313364,3,0.0,0,0.001101109577559093,0.022216095659436972,"Cassidy, William ""Bill""",0.04330300341077977,0.0,1045924,-2.0,1047.924,1049.924,66,REP,LA,1,0.0,0.0,0.0,0.0,0,0
H2IA05072,0.0,0,0.006912442396313364,3,0.0008717652851550921,0.016321097464222955,"King, Steve",0.0,0.0824902882106339,319973,-15.0,334.973,349.973,120,REP,IA,1,0.0,0.0,0.0,0.0,0,0
H0TX04037,0.0,0,0.002304147465437788,1,0.0008717652851550921,0.016321097464222955,"Hall, Ralph M.",0.0,0.05022429076656919,449120,-14.5,463.62,478.12,170,REP,TX,1,0.0,0.0,0.0,0.0,1,1
H2MI02066,0.0,0,0.009216589861751152,4,0.0008717652851550921,0.016321097464222955,"Hoekstra, Peter ",0.0,0.009216589861751152,314484,-2.0,316.484,318.484,109,REP,MI,1,0.0,0.0,0.0,0.0,1,1
H2NY03089,0.0,0,0.004608294930875576,2,0.0008717652851550921,0.016321097464222955,"King, Peter T.",0.0,0.004608294930875576,582536,-19.2,601.736,620.936,205,REP,NY,1,0.0,0.0,0.0,0.0,1,1
H4TX13014,0.002304147465437788,1,0.0,0,0.005881408128102561,0.022663189492522846,"Thornberry, Mac",0.04745791842566036,0.0,160804,-11.0,171.804,182.804,66,REP,TX,1,0.0,0.0,0.0,0.0,0,0
H6AL04098,0.0,0,0.0,0,0.0008717652851550921,0.016321097464222955,"Aderholt, Robert",0.0,0.0,260587,-18.0,278.587,296.587,92,REP,AL,1,0.0,0.0,0.0,0.0,0,0
H2AR03176,0.0,0,0.0,0,0.0008717652851550921,0.016321097464222955,"Boozman, John",0.0,0.0,250906,-10.5,261.406,271.906,93,REP,AR,1,0.0,0.0,0.0,0.0,0,0
H2CA25036,0.0,0,0.0,0,0.0008717652851550921,0.016321097464222955,"McKeon, Howard P. ""Buck""",0.0,0.0,509394,-13.0,522.394,535.394,165,REP,CA,1,0.0,0.0,0.0,0.0,1,1
H8CA35032,0.0,0,0.0,0,0.0008717652851550921,0.016321097464222955,"Dreier, David",0.0,0.0,588370,-20.4,608.77,629.17,171,REP,CA,1,0.0,0.0,0.0,0.0,1,1
H6CA24113,0.0,0,0.0,0,0.0008717652851550921,0.016321097464222955,"Sherman, Brad",0.0,0.0,473298,-5.0,478.298,483.298,152,DEM,CA,1,0.0,0.0,0.0,0.0,0,0
H8CA44034,0.0,0,0.0,0,0.0008717652851550921,0.016321097464222955,"Mack, Mary Bono",0.0,0.0,520079,-11.25,531.329,542.579,172,REP,CA,1,0.0,0.0,0.0,0.0,0,0
H2DE00072,0.0,0,0.0,0,0.0008717652851550921,0.016321097464222955,"Castle, Michael N.",0.0,0.0,651342,-10.0,661.342,671.342,187,REP,DE,1,0.0,0.0,0.0,0.0,0,0
H6FL06035,0.0,0,0.0,0,0.0008717652851550921,0.016321097464222955,"Young, C. W. Bill",0.0,0.0,373336,-7.75,381.086,388.836,103,REP,FL,1,0.0,0.0,0.0,0.0,0,0
H0FL04066,0.0,0,0.0,0,0.0008717652851550921,0.016321097464222955,"Crenshaw, Ander",0.0,0.0,184808,-15.0,199.808,214.808,56,REP,FL,1,0.0,0.0,0.0,0.0,0,0
H8FL06056,0.0,0,0.0,0,0.0008717652851550921,0.016321097464222955,"Stearns, Clifford B. (Cliff)",0.0,0.0,366489,-5.5,371.989,377.489,148,REP,FL,1,0.0,0.0,0.0,0.0,0,0
H8ID02064,0.0,0,0.0,0,0.0008717652851550921,0.016321097464222955,"Simpson, Mike",0.0,0.0,379698,-15.5,395.198,410.698,125,REP,ID,1,0.0,0.0,0.0,0.0,0,0
H0IL15053,0.0,0,0.0,0,0.0008717652851550921,0.016321097464222955,"Johnson, Timothy V.",0.0,0.0,214318,-25.5,239.818,265.318,89,REP,IL,1,0.0,0.0,0.0,0.0,0,0
H8LA02112,0.0,0,0.0,0,0.0008717652851550921,0.016321097464222955,"Cao, Anh ""Joseph""",0.0,0.0,105742,0.0,105.742,105.742,7,REP,LA,1,0.0,0.0,0.0,0.0,0,0
H2MD06054,0.0,0,0.0,0,0.0008717652851550921,0.016321097464222955,"Bartlett, Roscoe",0.0,0.0,133441,-12.0,145.441,157.441,52,REP,MD,1,0.0,0.0,0.0,0.0,0,0
H2MD08126,0.0,0,0.0,0,0.0008717652851550921,0.016321097464222955,"Van Hollen, Chris",0.0,0.0,913617,-20.0,933.617,953.617,266,DEM,MD,1,0.0,0.0,0.0,0.0,0,0
H4MI03045,0.0,0,0.0,0,0.0008717652851550921,0.016321097464222955,"Ehlers, Vernon J.",0.0,0.0,177372,-1.0,178.372,179.372,81,REP,MI,1,0.0,0.0,0.0,0.0,0,1
H6MI04113,0.0,0,0.0,0,0.0008717652851550921,0.016321097464222955,"Upton, Fred",0.0,0.0,818843,-25.0,843.843,868.843,258,REP,MI,1,0.0,0.0,0.0,0.0,0,0
H0MI08042,0.0,0,0.0,0,0.0008717652851550921,0.016321097464222955,"Rogers, Mike",0.0,0.0,795032,-27.75,822.782,850.532,267,REP,MI,1,0.0,0.0,0.0,0.0,0,0
H0MO02148,0.0,0,0.0,0,0.0008717652851550921,0.016321097464222955,"Akin, Todd",0.0,0.0,241762,-3.0,244.762,247.762,82,REP,MO,1,0.0,0.0,0.0,0.0,0,0
H0MO00019,0.0,0,0.0,0,0.0008717652851550921,0.016321097464222955,"Carnahan, Russ",0.0,0.0,580063,-2.0,582.063,584.063,143,DEM,MO,1,0.0,0.0,0.0,0.0,0,0
H4NC05146,0.0,0,0.0,0,0.0008717652851550921,0.016321097464222955,"Foxx, Virginia",0.0,0.0,311239,-8.1,319.339,327.439,123,REP,NC,1,0.0,0.0,0.0,0.0,0,0
H4NC06011,0.0,0,0.0,0,0.0008717652851550921,0.016321097464222955,"Coble, Howard",0.0,0.0,324048,-6.5,330.548,337.048,144,REP,NC,1,0.0,0.0,0.0,0.0,0,0
H4NC09106,0.0,0,0.0,0,0.0008717652851550921,0.016321097464222955,"Myrick, Sue",0.0,0.0,521675,-11.5,533.175,544.675,181,REP,NC,1,0.0,0.0,0.0,0.0,0,0
H8NJ03073,0.0,0,0.0,0,0.0008717652851550921,0.016321097464222955,"Pallone, Frank, Jr.",0.0,0.0,1120943,-11.25,1132.193,1143.443,280,DEM,NJ,1,0.0,0.0,0.0,0.0,0,0
H2OK01093,0.0,0,0.0,0,0.0008717652851550921,0.016321097464222955,"Sullivan, John",0.0,0.0,602627,-2.0,604.627,606.627,156,REP,OK,1,0.0,0.0,0.0,0.0,0,0
H2SC04022,0.0,0,0.0,0,0.0008717652851550921,0.016321097464222955,"Inglis, Bob",0.0,0.0,106401,-2.0,108.401,110.401,45,REP,SC,1,0.0,0.0,0.0,0.0,0,0
H4TN04015,0.0,0,0.0,0,0.0008717652851550921,0.016321097464222955,"Gordon, Bart",0.0,0.0,1155512,-29.0,1184.512,1213.512,381,DEM,TN,1,0.0,0.0,0.0,0.0,1,1
H2TN06030,0.0,0,0.0,0,0.0008717652851550921,0.016321097464222955,"Blackburn, Marsha",0.0,0.0,537070,-6.0,543.07,549.07,192,REP,TN,1,0.0,0.0,0.0,0.0,0,0
H6TX08100,0.0,0,0.0,0,0.0008717652851550921,0.016321097464222955,"Brady, Kevin",0.0,0.0,512702,-33.0,545.702,578.702,195,REP,TX,1,0.0,0.0,0.0,0.0,0,0
H2VA04052,0.0,0,0.0,0,0.0008717652851550921,0.016321097464222955,"Forbes, J. Randy",0.0,0.0,230122,-10.2,240.322,250.522,94,REP,VA,1,0.0,0.0,0.0,0.0,0,0
H8WI01024,0.0,0,0.0,0,0.0008717652851550921,0.016321097464222955,"Ryan, Paul",0.0,0.0,854065,-17.5,871.565,889.065,266,REP,WI,1,0.0,0.0,0.0,0.0,1,1
H8WI00018,0.0,0,0.0,0,0.0008717652851550921,0.016321097464222955,"Baldwin, Tammy",0.0,0.0,403140,-3.0,406.14,409.14,139,DEM,WI,1,0.0,0.0,0.0,0.0,0,0
H6WI03099,0.0,0,0.0,0,0.0008717652851550921,0.016321097464222955,"Kind, Ron",0.0,0.0,865863,-5.0,870.863,875.863,279,DEM,WI,1,0.0,0.0,0.0,0.0,0,0
H8WI09050,0.0,0,0.0,0,0.0008717652851550921,0.016321097464222955,"Sensenbrenner, F. James, Jr.",0.0,0.0,226674,-3.0,229.674,232.674,111,REP,WI,1,0.0,0.0,0.0,0.0,0,0
H0WI06061,0.0,0,0.0,0,0.0008717652851550921,0.016321097464222955,"Petri, Tom",0.0,0.0,524853,-13.0,537.853,550.853,179,REP,WI,1,0.0,0.0,0.0,0.0,0,0
